/home/JDMAC/keras_frcnn/data/train/restricted/190119_184244_00166940.jpg,99,278,194,320,daoju
/home/JDMAC/keras_frcnn/data/train/restricted/190119_184218_00166932.jpg,129,310,230,350,tieke
/home/JDMAC/keras_frcnn/data/train/restricted/190119_184059_00166914.jpg,609,344,720,410,daoju
/home/JDMAC/keras_frcnn/data/train/restricted/190119_184252_00166942.jpg,810,430,854,488,daoju
/home/JDMAC/keras_frcnn/data/train/restricted/190119_184012_00166902.jpg,248,203,348,239,daoju
/home/JDMAC/keras_frcnn/data/train/restricted/190119_184139_00166923.jpg,72,325,91,378,tieke
/home/JDMAC/keras_frcnn/data/train/restricted/190119_184020_00166904.jpg,359,285,477,383,tieke
/home/JDMAC/keras_frcnn/data/train/restricted/190119_184116_00166918.jpg,1054,126,1151,222,dianchi
/home/JDMAC/keras_frcnn/data/train/restricted/190127_152657_00178981.jpg,261,82,297,186,daoju
/home/JDMAC/keras_frcnn/data/train/restricted/190127_152815_00179002.jpg,210,273,283,308,dianchi
/home/JDMAC/keras_frcnn/data/train/restricted/190127_152528_00178955.jpg,200,106,318,212,dianchi
/home/JDMAC/keras_frcnn/data/train/restricted/190127_152444_00178942.jpg,261,144,389,211,daoju
/home/JDMAC/keras_frcnn/data/train/restricted/190127_152058_00178875.jpg,1002,247,1063,306,daoju
/home/JDMAC/keras_frcnn/data/train/restricted/190127_152033_00178868.jpg,172,466,325,562,daoju
/home/JDMAC/keras_frcnn/data/train/restricted/190127_152129_00178886.jpg,400,313,481,354,daoju
/home/JDMAC/keras_frcnn/data/train/restricted/190127_152438_00178941.jpg,204,242,243,291,daoju
/home/JDMAC/keras_frcnn/data/train/restricted/190127_151952_00178855.jpg,197,234,247,268,daoju
/home/JDMAC/keras_frcnn/data/train/restricted/190127_151642_00178796.jpg,161,211,196,254,daoju
/home/JDMAC/keras_frcnn/data/train/restricted/190127_151454_00178766.jpg,208,295,290,372,daoju
/home/JDMAC/keras_frcnn/data/train/restricted/190127_151814_00178824.jpg,264,355,326,390,tieke
/home/JDMAC/keras_frcnn/data/train/restricted/190127_145920_00178667.jpg,33,339,60,371,daoju
/home/JDMAC/keras_frcnn/data/train/restricted/190127_145856_00178661.jpg,223,118,291,148,daoju
/home/JDMAC/keras_frcnn/data/train/restricted/190127_145818_00178652.jpg,253,180,322,262,daoju
/home/JDMAC/keras_frcnn/data/train/restricted/190127_145723_00178636.jpg,469,192,547,278,daoju
/home/JDMAC/keras_frcnn/data/train/restricted/190127_143912_00178592.jpg,474,74,603,198,daoju
/home/JDMAC/keras_frcnn/data/train/restricted/190127_143833_00178581.jpg,182,330,300,371,daoju
/home/JDMAC/keras_frcnn/data/train/restricted/190127_143657_00178553.jpg,351,324,428,378,tieke
/home/JDMAC/keras_frcnn/data/train/restricted/190127_143623_00178543.jpg,217,290,388,333,daoju
/home/JDMAC/keras_frcnn/data/train/restricted/190127_143604_00178537.jpg,425,163,466,221,daoju
/home/JDMAC/keras_frcnn/data/train/restricted/190127_143546_00178532.jpg,656,114,822,222,daoju
/home/JDMAC/keras_frcnn/data/train/restricted/190127_143529_00178527.jpg,754,217,816,255,daoju
/home/JDMAC/keras_frcnn/data/train/restricted/190127_142815_00178403.jpg,268,250,310,299,heiding
/home/JDMAC/keras_frcnn/data/train/restricted/190127_142647_00178378.jpg,376,253,407,321,heiding
/home/JDMAC/keras_frcnn/data/train/restricted/190127_142443_00178348.jpg,399,221,446,278,daoju
/home/JDMAC/keras_frcnn/data/train/restricted/190127_140055_00178290.jpg,402,255,423,310,daoju
/home/JDMAC/keras_frcnn/data/train/restricted/190127_140015_00178279.jpg,181,173,336,274,heiding
/home/JDMAC/keras_frcnn/data/train/restricted/190127_135805_00178240.jpg,330,216,418,241,dianchi
/home/JDMAC/keras_frcnn/data/train/restricted/190127_135753_00178237.jpg,202,157,355,200,daoju
/home/JDMAC/keras_frcnn/data/train/restricted/190127_135746_00178235.jpg,396,310,463,362,heiding
/home/JDMAC/keras_frcnn/data/train/restricted/190127_135730_00178231.jpg,165,250,244,300,daoju
/home/JDMAC/keras_frcnn/data/train/restricted/190127_135732_00178232.jpg,134,205,178,234,dianchi
/home/JDMAC/keras_frcnn/data/train/restricted/190127_135726_00178230.jpg,85,290,245,314,heiding
/home/JDMAC/keras_frcnn/data/train/restricted/190127_135658_00178223.jpg,311,301,395,346,dianchi
/home/JDMAC/keras_frcnn/data/train/restricted/190127_135622_00178213.jpg,177,155,238,233,tieke
/home/JDMAC/keras_frcnn/data/train/restricted/190127_135709_00178225.jpg,337,511,438,619,dianchi
/home/JDMAC/keras_frcnn/data/train/restricted/190127_135648_00178220.jpg,151,217,316,286,tieke
/home/JDMAC/keras_frcnn/data/train/restricted/190127_135645_00178219.jpg,227,201,280,211,dianchi
/home/JDMAC/keras_frcnn/data/train/restricted/190127_135858_00178255.jpg,338,227,446,289,dianchi
/home/JDMAC/keras_frcnn/data/train/restricted/190127_135619_00178212.jpg,264,291,317,345,daoju
/home/JDMAC/keras_frcnn/data/train/restricted/190127_135604_00178207.jpg,332,240,383,278,daoju
/home/JDMAC/keras_frcnn/data/train/restricted/190127_135611_00178209.jpg,358,269,423,281,dianchi
/home/JDMAC/keras_frcnn/data/train/restricted/190127_135616_00178211.jpg,196,115,366,178,dianchi
/home/JDMAC/keras_frcnn/data/train/restricted/190127_135518_00178195.jpg,182,184,311,293,daoju
/home/JDMAC/keras_frcnn/data/train/restricted/190127_135508_00178192.jpg,339,174,453,262,daoju
/home/JDMAC/keras_frcnn/data/train/restricted/190127_135532_00178199.jpg,255,218,310,273,tieke
/home/JDMAC/keras_frcnn/data/train/restricted/190127_135514_00178194.jpg,350,148,419,170,tieke
/home/JDMAC/keras_frcnn/data/train/restricted/190127_135426_00178179.jpg,241,278,306,331,daoju
/home/JDMAC/keras_frcnn/data/train/restricted/190127_135453_00178187.jpg,223,271,402,315,daoju
/home/JDMAC/keras_frcnn/data/train/restricted/190127_135440_00178183.jpg,313,432,361,463,daoju
/home/JDMAC/keras_frcnn/data/train/restricted/190127_135553_00178204.jpg,393,200,450,247,dianchi
/home/JDMAC/keras_frcnn/data/train/restricted/190127_135352_00178169.jpg,186,207,346,279,daoju
/home/JDMAC/keras_frcnn/data/train/restricted/190127_135343_00178166.jpg,103,209,244,285,dianchi
/home/JDMAC/keras_frcnn/data/train/restricted/190127_135521_00178196.jpg,222,219,296,308,daoju
/home/JDMAC/keras_frcnn/data/train/restricted/190127_135651_00178221.jpg,163,262,212,283,dianchi
/home/JDMAC/keras_frcnn/data/train/restricted/190127_135434_00178181.jpg,239,490,293,516,dianchi
/home/JDMAC/keras_frcnn/data/train/restricted/190127_135400_00178171.jpg,503,267,534,280,daoju
/home/JDMAC/keras_frcnn/data/train/restricted/190127_135244_00178149.jpg,345,233,449,335,daoju
/home/JDMAC/keras_frcnn/data/train/restricted/190127_135320_00178159.jpg,332,241,390,283,daoju
/home/JDMAC/keras_frcnn/data/train/restricted/190127_135317_00178158.jpg,172,194,208,256,tieke
/home/JDMAC/keras_frcnn/data/train/restricted/190127_135237_00178147.jpg,611,73,700,205,dianchi
/home/JDMAC/keras_frcnn/data/train/restricted/190127_135254_00178152.jpg,79,136,246,211,daoju
/home/JDMAC/keras_frcnn/data/train/restricted/190127_135201_00178136.jpg,289,114,466,150,daoju
/home/JDMAC/keras_frcnn/data/train/restricted/190127_135346_00178167.jpg,319,167,341,219,dianchi
/home/JDMAC/keras_frcnn/data/train/restricted/190127_134707_00178112.jpg,153,210,298,263,tieke
/home/JDMAC/keras_frcnn/data/train/restricted/190127_135124_00178127.jpg,73,120,129,254,heiding
/home/JDMAC/keras_frcnn/data/train/restricted/190127_135310_00178156.jpg,361,267,422,304,dianchi
/home/JDMAC/keras_frcnn/data/train/restricted/190127_134643_00178104.jpg,202,175,338,261,daoju
/home/JDMAC/keras_frcnn/data/train/restricted/190127_134637_00178102.jpg,214,132,293,248,tieke
/home/JDMAC/keras_frcnn/data/train/restricted/190127_134622_00178098.jpg,578,323,740,436,dianchi
/home/JDMAC/keras_frcnn/data/train/restricted/190127_134614_00178096.jpg,109,186,233,302,heiding
/home/JDMAC/keras_frcnn/data/train/restricted/190127_134536_00178086.jpg,375,188,511,301,dianchi
/home/JDMAC/keras_frcnn/data/train/restricted/190127_134601_00178092.jpg,429,194,453,245,daoju
/home/JDMAC/keras_frcnn/data/train/restricted/190127_134618_00178097.jpg,356,311,422,340,tieke
/home/JDMAC/keras_frcnn/data/train/restricted/190127_134626_00178099.jpg,373,143,427,201,heiding
/home/JDMAC/keras_frcnn/data/train/restricted/190127_134459_00178079.jpg,212,233,268,268,daoju
/home/JDMAC/keras_frcnn/data/train/restricted/190127_134611_00178095.jpg,214,276,266,306,daoju
/home/JDMAC/keras_frcnn/data/train/restricted/190127_134503_00178081.jpg,330,100,379,157,dianchi
/home/JDMAC/keras_frcnn/data/train/restricted/190127_134448_00178077.jpg,215,190,355,264,daoju
/home/JDMAC/keras_frcnn/data/train/restricted/190127_134712_00178114.jpg,689,320,719,358,daoju
/home/JDMAC/keras_frcnn/data/train/restricted/190127_134440_00178075.jpg,175,290,353,340,daoju
/home/JDMAC/keras_frcnn/data/train/restricted/190127_134436_00178074.jpg,78,263,252,344,tieke
/home/JDMAC/keras_frcnn/data/train/restricted/190127_134354_00178063.jpg,98,202,184,231,dianchi
/home/JDMAC/keras_frcnn/data/train/restricted/190127_134412_00178068.jpg,133,294,188,314,tieke
/home/JDMAC/keras_frcnn/data/train/restricted/190127_134429_00178073.jpg,241,396,482,432,jiandao
/home/JDMAC/keras_frcnn/data/train/restricted/190127_134331_00178057.jpg,332,160,492,235,daoju
/home/JDMAC/keras_frcnn/data/train/restricted/190127_134405_00178066.jpg,266,147,421,193,tieke
/home/JDMAC/keras_frcnn/data/train/restricted/190127_134341_00178060.jpg,825,239,976,360,daoju
/home/JDMAC/keras_frcnn/data/train/restricted/190127_134540_00178087.jpg,542,195,608,249,heiding
/home/JDMAC/keras_frcnn/data/train/restricted/190127_134256_00178049.jpg,278,185,329,245,daoju
/home/JDMAC/keras_frcnn/data/train/restricted/190127_134224_00178039.jpg,159,100,302,197,dianchi
/home/JDMAC/keras_frcnn/data/train/restricted/190127_134228_00178040.jpg,239,206,314,225,tieke
/home/JDMAC/keras_frcnn/data/train/restricted/190127_134320_00178054.jpg,357,218,409,231,heiding
/home/JDMAC/keras_frcnn/data/train/restricted/190127_134605_00178093.jpg,254,287,410,346,tieke
/home/JDMAC/keras_frcnn/data/train/restricted/190127_134216_00178037.jpg,323,241,476,282,daoju
/home/JDMAC/keras_frcnn/data/train/restricted/190127_134453_00178078.jpg,91,216,220,269,dianchi
/home/JDMAC/keras_frcnn/data/train/restricted/190127_134143_00178028.jpg,205,190,260,203,tieke
/home/JDMAC/keras_frcnn/data/train/restricted/190127_134246_00178046.jpg,710,321,853,410,daoju
/home/JDMAC/keras_frcnn/data/train/restricted/190127_134416_00178069.jpg,951,266,1057,361,daoju
/home/JDMAC/keras_frcnn/data/train/restricted/190127_134140_00178027.jpg,142,157,285,281,daoju
/home/JDMAC/keras_frcnn/data/train/restricted/190127_134234_00178042.jpg,277,271,295,329,daoju
/home/JDMAC/keras_frcnn/data/train/restricted/190127_134118_00178022.jpg,304,275,428,327,jiandao
/home/JDMAC/keras_frcnn/data/train/restricted/190127_134132_00178025.jpg,323,296,378,341,tieke
/home/JDMAC/keras_frcnn/data/train/restricted/190127_134115_00178021.jpg,301,197,434,248,tieke
/home/JDMAC/keras_frcnn/data/train/restricted/190127_134146_00178029.jpg,392,247,519,346,daoju
/home/JDMAC/keras_frcnn/data/train/restricted/190127_134158_00178032.jpg,305,165,381,178,daoju
/home/JDMAC/keras_frcnn/data/train/restricted/190127_134208_00178035.jpg,153,97,317,163,daoju
/home/JDMAC/keras_frcnn/data/train/restricted/190127_133958_00178001.jpg,110,123,202,205,jiandao
/home/JDMAC/keras_frcnn/data/train/restricted/190127_134018_00178007.jpg,258,208,359,288,tieke
/home/JDMAC/keras_frcnn/data/train/restricted/190127_134040_00178012.jpg,690,155,852,254,dianchi
/home/JDMAC/keras_frcnn/data/train/restricted/190127_134050_00178014.jpg,283,185,314,220,daoju
/home/JDMAC/keras_frcnn/data/train/restricted/190127_133910_00177990.jpg,56,56,205,104,tieke
/home/JDMAC/keras_frcnn/data/train/restricted/190127_134205_00178034.jpg,362,299,411,342,tieke
/home/JDMAC/keras_frcnn/data/train/restricted/190127_133926_00177994.jpg,139,359,268,415,dianchi
/home/JDMAC/keras_frcnn/data/train/restricted/190127_133846_00177983.jpg,280,287,366,340,dianchi
/home/JDMAC/keras_frcnn/data/train/restricted/190127_133816_00177976.jpg,328,231,392,270,daoju
/home/JDMAC/keras_frcnn/data/train/restricted/190127_133922_00177993.jpg,600,254,625,309,daoju
/home/JDMAC/keras_frcnn/data/train/restricted/190127_134008_00178004.jpg,232,123,254,168,jiandao
/home/JDMAC/keras_frcnn/data/train/restricted/190127_133900_00177988.jpg,804,534,870,610,tieke
/home/JDMAC/keras_frcnn/data/train/restricted/190127_104505_00177665.jpg,223,224,293,333,dianchi
/home/JDMAC/keras_frcnn/data/train/restricted/190127_133759_00177973.jpg,271,232,296,296,tieke
/home/JDMAC/keras_frcnn/data/train/restricted/190127_104423_00177654.jpg,217,386,460,408,daoju
/home/JDMAC/keras_frcnn/data/train/restricted/190127_104500_00177663.jpg,161,211,227,261,daoju
/home/JDMAC/keras_frcnn/data/train/restricted/190127_104442_00177659.jpg,241,265,373,333,tieke
/home/JDMAC/keras_frcnn/data/train/restricted/190127_104417_00177652.jpg,245,180,295,224,jiandao
/home/JDMAC/keras_frcnn/data/train/restricted/190127_133943_00177997.jpg,143,298,236,373,tieke
/home/JDMAC/keras_frcnn/data/train/restricted/190127_104346_00177644.jpg,83,150,173,276,daoju
/home/JDMAC/keras_frcnn/data/train/restricted/190127_133746_00177969.jpg,294,273,369,329,tieke
/home/JDMAC/keras_frcnn/data/train/restricted/190127_104336_00177642.jpg,495,254,536,301,dianchi
/home/JDMAC/keras_frcnn/data/train/restricted/190127_133743_00177968.jpg,376,208,434,252,daoju
/home/JDMAC/keras_frcnn/data/train/restricted/190127_104353_00177646.jpg,125,190,180,217,dianchi
/home/JDMAC/keras_frcnn/data/train/restricted/190127_104420_00177653.jpg,108,279,194,311,daoju
/home/JDMAC/keras_frcnn/data/train/restricted/190127_104320_00177638.jpg,969,389,1019,452,dianchi
/home/JDMAC/keras_frcnn/data/train/restricted/190127_104350_00177645.jpg,187,368,255,408,jiandao
/home/JDMAC/keras_frcnn/data/train/restricted/190127_104325_00177639.jpg,105,227,182,280,daoju
/home/JDMAC/keras_frcnn/data/train/restricted/190127_104209_00177619.jpg,753,148,862,238,tieke
/home/JDMAC/keras_frcnn/data/train/restricted/190127_104233_00177626.jpg,771,266,795,307,daoju
/home/JDMAC/keras_frcnn/data/train/restricted/190127_104220_00177622.jpg,311,48,383,165,dianchi
/home/JDMAC/keras_frcnn/data/train/restricted/190127_104124_00177608.jpg,264,258,326,295,daoju
/home/JDMAC/keras_frcnn/data/train/restricted/190127_104304_00177634.jpg,902,296,987,320,jiandao
/home/JDMAC/keras_frcnn/data/train/restricted/190127_104144_00177612.jpg,138,204,306,248,jiandao
/home/JDMAC/keras_frcnn/data/train/restricted/190127_104020_00177597.jpg,192,91,253,171,daoju
/home/JDMAC/keras_frcnn/data/train/restricted/190127_104245_00177629.jpg,680,220,751,350,dianchi
/home/JDMAC/keras_frcnn/data/train/restricted/190127_104011_00177595.jpg,271,272,306,299,tieke
/home/JDMAC/keras_frcnn/data/train/restricted/190127_104032_00177600.jpg,179,274,258,294,jiandao
/home/JDMAC/keras_frcnn/data/train/restricted/190127_104121_00177607.jpg,216,207,388,252,daoju
/home/JDMAC/keras_frcnn/data/train/restricted/190127_104231_00177625.jpg,376,250,446,283,dianchi
/home/JDMAC/keras_frcnn/data/train/restricted/190127_103919_00177581.jpg,284,202,325,226,dianchi
/home/JDMAC/keras_frcnn/data/train/restricted/190127_103859_00177575.jpg,673,332,834,405,daoju
/home/JDMAC/keras_frcnn/data/train/restricted/190127_103848_00177572.jpg,196,232,298,319,jiandao
/home/JDMAC/keras_frcnn/data/train/restricted/190127_103914_00177579.jpg,224,111,355,191,daoju
/home/JDMAC/keras_frcnn/data/train/restricted/190127_104005_00177593.jpg,804,199,860,251,dianchi
/home/JDMAC/keras_frcnn/data/train/restricted/190127_103831_00177568.jpg,750,326,822,395,dianchi
/home/JDMAC/keras_frcnn/data/train/restricted/190127_103952_00177589.jpg,311,473,400,501,jiandao
/home/JDMAC/keras_frcnn/data/train/restricted/190127_103755_00177558.jpg,115,257,275,301,daoju
/home/JDMAC/keras_frcnn/data/train/restricted/190127_103718_00177549.jpg,72,186,134,245,daoju
/home/JDMAC/keras_frcnn/data/train/restricted/190127_103828_00177567.jpg,318,114,441,176,daoju
/home/JDMAC/keras_frcnn/data/train/restricted/190127_103712_00177547.jpg,281,51,438,134,dianchi
/home/JDMAC/keras_frcnn/data/train/restricted/190127_103843_00177571.jpg,856,480,933,515,daoju
/home/JDMAC/keras_frcnn/data/train/restricted/190127_103757_00177559.jpg,124,495,208,518,dianchi
/home/JDMAC/keras_frcnn/data/train/restricted/190127_103705_00177545.jpg,760,260,786,313,daoju
/home/JDMAC/keras_frcnn/data/train/restricted/190127_103633_00177538.jpg,801,256,974,295,dianchi
/home/JDMAC/keras_frcnn/data/train/restricted/190127_103256_00177522.jpg,528,291,560,319,daoju
/home/JDMAC/keras_frcnn/data/train/restricted/190127_103822_00177565.jpg,153,271,305,345,dianchi
/home/JDMAC/keras_frcnn/data/train/restricted/190127_103630_00177537.jpg,102,258,161,313,daoju
/home/JDMAC/keras_frcnn/data/train/restricted/190127_103249_00177520.jpg,144,75,269,158,tieke
/home/JDMAC/keras_frcnn/data/train/restricted/190127_103252_00177521.jpg,134,245,219,366,daoju
/home/JDMAC/keras_frcnn/data/train/restricted/190127_103749_00177556.jpg,332,164,421,219,heiding
/home/JDMAC/keras_frcnn/data/train/restricted/190127_103229_00177513.jpg,115,202,283,252,dianchi
/home/JDMAC/keras_frcnn/data/train/restricted/190127_103239_00177517.jpg,345,398,438,419,daoju
/home/JDMAC/keras_frcnn/data/train/restricted/190127_103216_00177509.jpg,406,168,438,232,jiandao
/home/JDMAC/keras_frcnn/data/train/restricted/190127_103208_00177506.jpg,296,140,397,209,dianchi
/home/JDMAC/keras_frcnn/data/train/restricted/190127_103153_00177502.jpg,234,303,325,334,jiandao
/home/JDMAC/keras_frcnn/data/train/restricted/190127_103138_00177497.jpg,101,167,124,226,dianchi
/home/JDMAC/keras_frcnn/data/train/restricted/190127_103140_00177498.jpg,173,115,264,190,tieke
/home/JDMAC/keras_frcnn/data/train/restricted/190127_103201_00177504.jpg,176,248,234,351,dianchi
/home/JDMAC/keras_frcnn/data/train/restricted/190127_103126_00177493.jpg,730,303,808,408,tieke
/home/JDMAC/keras_frcnn/data/train/restricted/190127_103036_00177480.jpg,278,379,299,458,dianchi
/home/JDMAC/keras_frcnn/data/train/restricted/190127_103117_00177491.jpg,556,162,628,187,dianchi
/home/JDMAC/keras_frcnn/data/train/restricted/190127_102948_00177466.jpg,101,147,225,265,daoju
/home/JDMAC/keras_frcnn/data/train/restricted/190127_102932_00177462.jpg,338,105,427,218,heiding
/home/JDMAC/keras_frcnn/data/train/restricted/190127_102930_00177461.jpg,417,177,440,228,daoju
/home/JDMAC/keras_frcnn/data/train/restricted/190127_103057_00177486.jpg,295,172,311,209,tieke
/home/JDMAC/keras_frcnn/data/train/restricted/190127_103132_00177495.jpg,659,260,726,304,daoju
/home/JDMAC/keras_frcnn/data/train/restricted/190127_102950_00177467.jpg,344,144,463,219,daoju
/home/JDMAC/keras_frcnn/data/train/restricted/190127_102834_00177446.jpg,142,136,277,188,heiding
/home/JDMAC/keras_frcnn/data/train/restricted/190127_102811_00177440.jpg,310,373,393,425,daoju
/home/JDMAC/keras_frcnn/data/train/restricted/190127_102804_00177437.jpg,70,132,195,150,dianchi
/home/JDMAC/keras_frcnn/data/train/restricted/190127_102808_00177439.jpg,255,138,282,221,tieke
/home/JDMAC/keras_frcnn/data/train/restricted/190127_103008_00177471.jpg,884,298,952,321,heiding
/home/JDMAC/keras_frcnn/data/train/restricted/190127_102742_00177432.jpg,123,274,209,295,heiding
/home/JDMAC/keras_frcnn/data/train/restricted/190127_102717_00177426.jpg,492,217,547,238,daoju
/home/JDMAC/keras_frcnn/data/train/restricted/190127_102709_00177424.jpg,76,216,171,256,daoju
/home/JDMAC/keras_frcnn/data/train/restricted/190127_102754_00177435.jpg,426,339,451,395,dianchi
/home/JDMAC/keras_frcnn/data/train/restricted/190127_102831_00177445.jpg,211,236,357,296,dianchi
/home/JDMAC/keras_frcnn/data/train/restricted/190127_102655_00177420.jpg,486,234,527,247,dianchi
/home/JDMAC/keras_frcnn/data/train/restricted/190127_102650_00177418.jpg,324,355,442,440,daoju
/home/JDMAC/keras_frcnn/data/train/restricted/190127_102648_00177417.jpg,235,162,380,245,dianchi
/home/JDMAC/keras_frcnn/data/train/restricted/190127_102751_00177434.jpg,701,228,800,305,daoju
/home/JDMAC/keras_frcnn/data/train/restricted/190127_102726_00177428.jpg,746,296,847,387,tieke
/home/JDMAC/keras_frcnn/data/train/restricted/190127_102707_00177423.jpg,370,114,430,155,dianchi
190127_102619_00177408.jpg,,,,,
/home/JDMAC/keras_frcnn/data/train/restricted/190127_102555_00177401.jpg,297,317,422,406,dianchi
/home/JDMAC/keras_frcnn/data/train/restricted/190127_102642_00177415.jpg,428,164,477,222,jiandao
/home/JDMAC/keras_frcnn/data/train/restricted/190127_102653_00177419.jpg,108,184,234,266,dianchi
/home/JDMAC/keras_frcnn/data/train/restricted/190127_102519_00177392.jpg,356,141,447,198,daoju
/home/JDMAC/keras_frcnn/data/train/restricted/190127_102600_00177403.jpg,884,301,1000,392,jiandao
/home/JDMAC/keras_frcnn/data/train/restricted/190127_102557_00177402.jpg,112,234,241,307,daoju
/home/JDMAC/keras_frcnn/data/train/restricted/190127_102633_00177413.jpg,256,319,286,376,jiandao
/home/JDMAC/keras_frcnn/data/train/restricted/190127_102459_00177387.jpg,117,313,174,371,heiding
/home/JDMAC/keras_frcnn/data/train/restricted/190127_102528_00177395.jpg,225,129,286,173,jiandao
/home/JDMAC/keras_frcnn/data/train/restricted/190127_102405_00177371.jpg,416,314,566,375,daoju
/home/JDMAC/keras_frcnn/data/train/restricted/190127_102508_00177389.jpg,245,237,296,347,daoju
/home/JDMAC/keras_frcnn/data/train/restricted/190127_103029_00177478.jpg,482,233,566,334,tieke
/home/JDMAC/keras_frcnn/data/train/restricted/190127_102637_00177414.jpg,24,225,61,263,jiandao
/home/JDMAC/keras_frcnn/data/train/restricted/190127_102335_00177364.jpg,229,265,367,329,dianchi
/home/JDMAC/keras_frcnn/data/train/restricted/190127_102418_00177375.jpg,617,236,694,336,heiding
/home/JDMAC/keras_frcnn/data/train/restricted/190127_102353_00177368.jpg,525,249,546,301,dianchi
/home/JDMAC/keras_frcnn/data/train/restricted/190127_102444_00177382.jpg,341,194,431,260,dianchi
/home/JDMAC/keras_frcnn/data/train/restricted/190127_102451_00177384.jpg,310,446,395,471,dianchi
/home/JDMAC/keras_frcnn/data/train/restricted/190127_102341_00177365.jpg,416,389,493,401,dianchi
/home/JDMAC/keras_frcnn/data/train/restricted/190127_102314_00177358.jpg,400,290,435,336,dianchi
/home/JDMAC/keras_frcnn/data/train/restricted/190127_102227_00177347.jpg,275,312,321,327,daoju
/home/JDMAC/keras_frcnn/data/train/restricted/190127_102357_00177369.jpg,268,479,297,589,dianchi
/home/JDMAC/keras_frcnn/data/train/restricted/190127_102222_00177346.jpg,621,295,723,373,dianchi
/home/JDMAC/keras_frcnn/data/train/restricted/190127_102318_00177359.jpg,185,235,227,291,daoju
/home/JDMAC/keras_frcnn/data/train/restricted/190127_102148_00177339.jpg,227,237,398,282,daoju
/home/JDMAC/keras_frcnn/data/train/restricted/190127_102215_00177344.jpg,241,274,364,395,daoju
/home/JDMAC/keras_frcnn/data/train/restricted/190127_102332_00177363.jpg,340,62,476,153,daoju
/home/JDMAC/keras_frcnn/data/train/restricted/190127_102250_00177353.jpg,806,106,950,203,daoju
/home/JDMAC/keras_frcnn/data/train/restricted/190127_102203_00177341.jpg,306,149,379,184,dianchi
/home/JDMAC/keras_frcnn/data/train/restricted/190127_102041_00177327.jpg,262,294,379,369,tieke
/home/JDMAC/keras_frcnn/data/train/restricted/190127_102308_00177357.jpg,751,410,779,480,daoju
/home/JDMAC/keras_frcnn/data/train/restricted/190127_102230_00177348.jpg,415,57,527,161,jiandao
/home/JDMAC/keras_frcnn/data/train/restricted/190127_102045_00177328.jpg,270,363,426,406,dianchi
/home/JDMAC/keras_frcnn/data/train/restricted/190127_102118_00177336.jpg,125,291,166,348,dianchi
/home/JDMAC/keras_frcnn/data/train/restricted/190127_101930_00177311.jpg,162,279,231,317,dianchi
/home/JDMAC/keras_frcnn/data/train/restricted/190127_102012_00177320.jpg,308,243,439,319,dianchi
/home/JDMAC/keras_frcnn/data/train/restricted/190127_102021_00177322.jpg,251,211,343,336,dianchi
/home/JDMAC/keras_frcnn/data/train/restricted/190127_101927_00177310.jpg,120,337,194,356,tieke
/home/JDMAC/keras_frcnn/data/train/restricted/190127_102027_00177324.jpg,612,189,688,206,daoju
/home/JDMAC/keras_frcnn/data/train/restricted/190127_103554_00177529.jpg,453,136,531,235,dianchi
/home/JDMAC/keras_frcnn/data/train/restricted/190127_101850_00177303.jpg,418,317,473,328,dianchi
/home/JDMAC/keras_frcnn/data/train/restricted/190127_102113_00177335.jpg,385,285,517,365,dianchi
/home/JDMAC/keras_frcnn/data/train/restricted/190127_101823_00177295.jpg,257,314,345,383,dianchi
/home/JDMAC/keras_frcnn/data/train/restricted/190127_103922_00177582.jpg,496,193,536,250,daoju
/home/JDMAC/keras_frcnn/data/train/restricted/190127_101838_00177299.jpg,155,244,210,264,dianchi
/home/JDMAC/keras_frcnn/data/train/restricted/190127_101815_00177293.jpg,143,181,204,240,daoju
/home/JDMAC/keras_frcnn/data/train/restricted/190127_101749_00177286.jpg,651,267,767,349,tieke
/home/JDMAC/keras_frcnn/data/train/restricted/190127_101800_00177289.jpg,213,321,271,339,daoju
/home/JDMAC/keras_frcnn/data/train/restricted/190127_102023_00177323.jpg,235,395,317,413,tieke
/home/JDMAC/keras_frcnn/data/train/restricted/190127_101818_00177294.jpg,154,400,188,457,tieke
/home/JDMAC/keras_frcnn/data/train/restricted/190127_101900_00177305.jpg,898,216,984,249,tieke
190127_101708_00177277.jpg,,,,,
/home/JDMAC/keras_frcnn/data/train/restricted/190127_101714_00177279.jpg,930,242,952,288,daoju
/home/JDMAC/keras_frcnn/data/train/restricted/190127_101732_00177282.jpg,797,297,920,377,tieke
/home/JDMAC/keras_frcnn/data/train/restricted/190127_102102_00177332.jpg,929,194,973,243,dianchi
/home/JDMAC/keras_frcnn/data/train/restricted/190127_101600_00177259.jpg,148,336,198,386,daoju
/home/JDMAC/keras_frcnn/data/train/restricted/190127_101921_00177309.jpg,711,418,774,449,tieke
/home/JDMAC/keras_frcnn/data/train/restricted/190127_101640_00177270.jpg,144,214,183,277,tieke
/home/JDMAC/keras_frcnn/data/train/restricted/190127_101556_00177258.jpg,429,203,479,248,tieke
/home/JDMAC/keras_frcnn/data/train/restricted/190127_101609_00177261.jpg,298,126,350,149,dianchi
/home/JDMAC/keras_frcnn/data/train/restricted/190127_101648_00177273.jpg,331,317,381,366,daoju
/home/JDMAC/keras_frcnn/data/train/restricted/190127_101631_00177267.jpg,796,115,946,203,daoju
/home/JDMAC/keras_frcnn/data/train/restricted/190127_101545_00177256.jpg,992,238,1104,305,tieke
/home/JDMAC/keras_frcnn/data/train/restricted/190127_101425_00177237.jpg,141,193,287,240,tieke
/home/JDMAC/keras_frcnn/data/train/restricted/190127_101359_00177231.jpg,193,210,317,293,daoju
/home/JDMAC/keras_frcnn/data/train/restricted/190127_101340_00177227.jpg,285,314,301,335,tieke
/home/JDMAC/keras_frcnn/data/train/restricted/190127_101323_00177223.jpg,403,238,552,294,daoju
/home/JDMAC/keras_frcnn/data/train/restricted/190127_101429_00177238.jpg,395,314,422,349,daoju
/home/JDMAC/keras_frcnn/data/train/restricted/190127_101404_00177232.jpg,252,260,299,308,daoju
/home/JDMAC/keras_frcnn/data/train/restricted/190127_101807_00177291.jpg,77,112,157,218,daoju
/home/JDMAC/keras_frcnn/data/train/restricted/190127_101446_00177243.jpg,276,322,400,424,dianchi
/home/JDMAC/keras_frcnn/data/train/restricted/190127_101505_00177248.jpg,382,308,435,349,dianchi
/home/JDMAC/keras_frcnn/data/train/restricted/190127_101234_00177210.jpg,164,166,305,223,tieke
/home/JDMAC/keras_frcnn/data/train/restricted/190127_101150_00177198.jpg,151,222,236,337,dianchi
/home/JDMAC/keras_frcnn/data/train/restricted/190127_101316_00177222.jpg,799,232,896,272,daoju
/home/JDMAC/keras_frcnn/data/train/restricted/190127_101213_00177205.jpg,133,324,217,364,jiandao
/home/JDMAC/keras_frcnn/data/train/restricted/190127_101147_00177197.jpg,196,176,301,281,dianchi
/home/JDMAC/keras_frcnn/data/train/restricted/190127_101112_00177187.jpg,257,170,339,235,dianchi
/home/JDMAC/keras_frcnn/data/train/restricted/190127_101141_00177195.jpg,191,178,349,279,dianchi
/home/JDMAC/keras_frcnn/data/train/restricted/190127_101128_00177192.jpg,443,406,568,489,daoju
/home/JDMAC/keras_frcnn/data/train/restricted/190127_101229_00177209.jpg,306,267,342,303,dianchi
/home/JDMAC/keras_frcnn/data/train/restricted/190127_101036_00177179.jpg,211,207,373,295,daoju
/home/JDMAC/keras_frcnn/data/train/restricted/190127_101106_00177186.jpg,621,378,685,484,daoju
/home/JDMAC/keras_frcnn/data/train/restricted/190127_101116_00177189.jpg,785,303,854,329,daoju
/home/JDMAC/keras_frcnn/data/train/restricted/190127_101033_00177178.jpg,350,371,421,386,daoju
/home/JDMAC/keras_frcnn/data/train/restricted/190127_101017_00177174.jpg,293,235,368,280,daoju
/home/JDMAC/keras_frcnn/data/train/restricted/190127_101236_00177211.jpg,144,189,193,219,daoju
/home/JDMAC/keras_frcnn/data/train/restricted/190127_101028_00177177.jpg,326,152,448,238,tieke
/home/JDMAC/keras_frcnn/data/train/restricted/190127_100958_00177170.jpg,198,144,280,176,daoju
/home/JDMAC/keras_frcnn/data/train/restricted/190127_100933_00177165.jpg,148,210,320,228,daoju
/home/JDMAC/keras_frcnn/data/train/restricted/190127_100927_00177164.jpg,843,217,975,314,jiandao
/home/JDMAC/keras_frcnn/data/train/restricted/190127_101040_00177180.jpg,330,214,354,255,tieke
/home/JDMAC/keras_frcnn/data/train/restricted/190127_100838_00177153.jpg,246,229,304,279,dianchi
/home/JDMAC/keras_frcnn/data/train/restricted/190127_100854_00177156.jpg,264,208,371,272,daoju
/home/JDMAC/keras_frcnn/data/train/restricted/190127_100942_00177167.jpg,641,268,663,328,heiding
/home/JDMAC/keras_frcnn/data/train/restricted/190127_100812_00177146.jpg,149,138,235,173,daoju
/home/JDMAC/keras_frcnn/data/train/restricted/190127_100814_00177147.jpg,114,362,157,424,dianchi
/home/JDMAC/keras_frcnn/data/train/restricted/190127_100753_00177141.jpg,203,177,362,237,jiandao
/home/JDMAC/keras_frcnn/data/train/restricted/190127_100805_00177144.jpg,272,223,419,274,dianchi
/home/JDMAC/keras_frcnn/data/train/restricted/190127_100125_00177129.jpg,210,175,372,287,jiandao
/home/JDMAC/keras_frcnn/data/train/restricted/190127_100149_00177132.jpg,153,104,327,165,jiandao
/home/JDMAC/keras_frcnn/data/train/restricted/190127_095708_00177120.jpg,603,312,751,423,dianchi
/home/JDMAC/keras_frcnn/data/train/restricted/190127_095655_00177117.jpg,512,279,641,348,tieke
/home/JDMAC/keras_frcnn/data/train/restricted/190127_100918_00177162.jpg,629,251,805,307,daoju
/home/JDMAC/keras_frcnn/data/train/restricted/190127_100138_00177130.jpg,388,92,457,146,daoju
/home/JDMAC/keras_frcnn/data/train/restricted/190127_095649_00177116.jpg,256,168,344,262,daoju
/home/JDMAC/keras_frcnn/data/train/restricted/190127_101144_00177196.jpg,209,343,232,394,daoju
/home/JDMAC/keras_frcnn/data/train/restricted/190127_095646_00177115.jpg,356,247,382,278,dianchi
/home/JDMAC/keras_frcnn/data/train/restricted/190127_095549_00177101.jpg,169,329,237,367,dianchi
/home/JDMAC/keras_frcnn/data/train/restricted/190127_095617_00177108.jpg,603,211,743,288,daoju
/home/JDMAC/keras_frcnn/data/train/restricted/190127_101049_00177183.jpg,146,204,235,223,jiandao
/home/JDMAC/keras_frcnn/data/train/restricted/190127_095457_00177090.jpg,116,196,238,291,daoju
/home/JDMAC/keras_frcnn/data/train/restricted/190127_095516_00177094.jpg,281,162,367,182,daoju
/home/JDMAC/keras_frcnn/data/train/restricted/190127_095529_00177097.jpg,961,288,1031,347,daoju
/home/JDMAC/keras_frcnn/data/train/restricted/190127_095459_00177091.jpg,907,169,1056,263,daoju
/home/JDMAC/keras_frcnn/data/train/restricted/190127_095628_00177111.jpg,999,111,1099,227,daoju
/home/JDMAC/keras_frcnn/data/train/restricted/190127_095305_00177073.jpg,459,525,533,555,daoju
/home/JDMAC/keras_frcnn/data/train/restricted/190127_101156_00177200.jpg,143,438,210,487,dianchi
/home/JDMAC/keras_frcnn/data/train/restricted/190127_095442_00177087.jpg,719,311,779,417,daoju
/home/JDMAC/keras_frcnn/data/train/restricted/190127_095256_00177071.jpg,166,245,282,314,tieke
/home/JDMAC/keras_frcnn/data/train/restricted/190127_095322_00177077.jpg,228,205,258,269,dianchi
/home/JDMAC/keras_frcnn/data/train/restricted/190127_095300_00177072.jpg,278,94,345,121,tieke
/home/JDMAC/keras_frcnn/data/train/restricted/190127_095608_00177105.jpg,846,302,889,357,daoju
/home/JDMAC/keras_frcnn/data/train/restricted/190127_095314_00177075.jpg,965,391,1025,417,daoju
/home/JDMAC/keras_frcnn/data/train/restricted/190127_095246_00177069.jpg,156,138,190,201,daoju
/home/JDMAC/keras_frcnn/data/train/restricted/190127_095218_00177063.jpg,295,293,325,339,dianchi
/home/JDMAC/keras_frcnn/data/train/restricted/190127_095136_00177053.jpg,292,121,322,148,daoju
/home/JDMAC/keras_frcnn/data/train/restricted/190127_095147_00177056.jpg,78,178,124,215,daoju
/home/JDMAC/keras_frcnn/data/train/restricted/190127_095117_00177047.jpg,339,126,487,185,jiandao
/home/JDMAC/keras_frcnn/data/train/restricted/190127_095043_00177037.jpg,385,103,519,202,tieke
/home/JDMAC/keras_frcnn/data/train/restricted/190127_095124_00177049.jpg,621,255,649,307,dianchi
/home/JDMAC/keras_frcnn/data/train/restricted/190127_095034_00177035.jpg,160,189,306,290,dianchi
/home/JDMAC/keras_frcnn/data/train/restricted/190127_095013_00177029.jpg,201,152,301,256,tieke
/home/JDMAC/keras_frcnn/data/train/restricted/190127_095240_00177068.jpg,84,349,118,401,daoju
/home/JDMAC/keras_frcnn/data/train/restricted/190127_095139_00177054.jpg,79,220,214,306,jiandao
/home/JDMAC/keras_frcnn/data/train/restricted/190127_095004_00177027.jpg,129,99,317,133,tieke
/home/JDMAC/keras_frcnn/data/train/restricted/190127_095046_00177038.jpg,1010,299,1074,364,daoju
/home/JDMAC/keras_frcnn/data/train/restricted/190127_094954_00177024.jpg,265,368,322,381,daoju
/home/JDMAC/keras_frcnn/data/train/restricted/190127_094911_00177012.jpg,78,138,173,268,tieke
/home/JDMAC/keras_frcnn/data/train/restricted/190127_094950_00177023.jpg,431,264,511,309,daoju
/home/JDMAC/keras_frcnn/data/train/restricted/190127_095052_00177039.jpg,773,185,936,289,daoju
/home/JDMAC/keras_frcnn/data/train/restricted/190127_094932_00177018.jpg,296,275,355,316,daoju
/home/JDMAC/keras_frcnn/data/train/restricted/190127_101058_00177185.jpg,923,219,945,282,tieke
/home/JDMAC/keras_frcnn/data/train/restricted/190127_094906_00177011.jpg,864,196,1030,289,dianchi
/home/JDMAC/keras_frcnn/data/train/restricted/190127_094839_00177003.jpg,120,286,153,312,tieke
/home/JDMAC/keras_frcnn/data/train/restricted/190127_094842_00177004.jpg,136,574,162,626,jiandao
/home/JDMAC/keras_frcnn/data/train/restricted/190127_094941_00177020.jpg,137,222,254,321,daoju
/home/JDMAC/keras_frcnn/data/train/restricted/190127_094830_00177001.jpg,304,538,385,563,daoju
/home/JDMAC/keras_frcnn/data/train/restricted/190127_094757_00176992.jpg,167,283,240,325,dianchi
/home/JDMAC/keras_frcnn/data/train/restricted/190127_094901_00177009.jpg,0,343,96,403,dianchi
/home/JDMAC/keras_frcnn/data/train/restricted/190127_094747_00176989.jpg,473,368,516,413,jiandao
/home/JDMAC/keras_frcnn/data/train/restricted/190127_094752_00176990.jpg,79,300,233,362,daoju
/home/JDMAC/keras_frcnn/data/train/restricted/190127_094801_00176993.jpg,356,343,455,377,daoju
/home/JDMAC/keras_frcnn/data/train/restricted/190127_094835_00177002.jpg,213,383,272,440,tieke
/home/JDMAC/keras_frcnn/data/train/restricted/190127_094804_00176994.jpg,195,476,268,535,jiandao
/home/JDMAC/keras_frcnn/data/train/restricted/190127_094710_00176982.jpg,335,519,476,565,tieke
/home/JDMAC/keras_frcnn/data/train/restricted/190127_094740_00176988.jpg,1092,458,1151,526,dianchi
/home/JDMAC/keras_frcnn/data/train/restricted/190127_094644_00176977.jpg,115,467,293,477,jiandao
/home/JDMAC/keras_frcnn/data/train/restricted/190127_094545_00176965.jpg,251,170,314,287,daoju
/home/JDMAC/keras_frcnn/data/train/restricted/190127_094629_00176974.jpg,769,492,859,575,daoju
/home/JDMAC/keras_frcnn/data/train/restricted/190127_094730_00176986.jpg,1063,512,1146,532,dianchi
/home/JDMAC/keras_frcnn/data/train/restricted/190127_094542_00176964.jpg,250,302,286,326,tieke
/home/JDMAC/keras_frcnn/data/train/restricted/190127_094715_00176983.jpg,367,466,438,509,daoju
/home/JDMAC/keras_frcnn/data/train/restricted/190127_094624_00176973.jpg,804,500,882,559,daoju
/home/JDMAC/keras_frcnn/data/train/restricted/190127_094610_00176971.jpg,400,206,438,239,jiandao
/home/JDMAC/keras_frcnn/data/train/restricted/190127_094454_00176955.jpg,451,129,470,250,dianchi
/home/JDMAC/keras_frcnn/data/train/restricted/190127_094552_00176967.jpg,254,387,388,456,jiandao
/home/JDMAC/keras_frcnn/data/train/restricted/190127_094823_00176999.jpg,107,283,254,357,daoju
/home/JDMAC/keras_frcnn/data/train/restricted/190127_094522_00176960.jpg,132,392,175,453,daoju
/home/JDMAC/keras_frcnn/data/train/restricted/190127_094725_00176985.jpg,454,578,611,637,dianchi
/home/JDMAC/keras_frcnn/data/train/restricted/190125_182908_00174953.jpg,314,265,360,274,daoju
/home/JDMAC/keras_frcnn/data/train/restricted/190125_182911_00174954.jpg,197,200,263,237,jiandao
/home/JDMAC/keras_frcnn/data/train/restricted/190125_182833_00174943.jpg,116,195,177,325,dianchi
/home/JDMAC/keras_frcnn/data/train/restricted/190125_182836_00174944.jpg,437,282,467,308,daoju
/home/JDMAC/keras_frcnn/data/train/restricted/190125_182842_00174946.jpg,792,338,841,392,jiandao
/home/JDMAC/keras_frcnn/data/train/restricted/190125_182758_00174933.jpg,173,308,367,326,jiandao
/home/JDMAC/keras_frcnn/data/train/restricted/190125_182903_00174952.jpg,1018,220,1098,339,daoju
/home/JDMAC/keras_frcnn/data/train/restricted/190125_182734_00174927.jpg,830,320,889,336,daoju
/home/JDMAC/keras_frcnn/data/train/restricted/190125_182731_00174926.jpg,182,343,260,384,tieke
/home/JDMAC/keras_frcnn/data/train/restricted/190125_182707_00174919.jpg,331,341,427,403,dianchi
/home/JDMAC/keras_frcnn/data/train/restricted/190125_182721_00174923.jpg,358,225,436,324,daoju
/home/JDMAC/keras_frcnn/data/train/restricted/190125_182916_00174955.jpg,782,324,862,365,daoju
/home/JDMAC/keras_frcnn/data/train/restricted/190125_182806_00174935.jpg,327,327,370,362,tieke
/home/JDMAC/keras_frcnn/data/train/restricted/190125_182724_00174924.jpg,359,405,408,463,dianchi
/home/JDMAC/keras_frcnn/data/train/restricted/190125_182649_00174915.jpg,336,189,367,308,tieke
/home/JDMAC/keras_frcnn/data/train/restricted/190125_182925_00174957.jpg,503,372,595,402,daoju
/home/JDMAC/keras_frcnn/data/train/restricted/190125_182603_00174901.jpg,280,285,345,323,daoju
/home/JDMAC/keras_frcnn/data/train/restricted/190125_182534_00174893.jpg,139,215,295,305,daoju
/home/JDMAC/keras_frcnn/data/train/restricted/190125_182701_00174918.jpg,332,282,384,315,dianchi
/home/JDMAC/keras_frcnn/data/train/restricted/190127_094957_00177025.jpg,155,188,283,295,daoju
/home/JDMAC/keras_frcnn/data/train/restricted/190125_182544_00174896.jpg,1008,329,1074,370,dianchi
/home/JDMAC/keras_frcnn/data/train/restricted/190125_182417_00174874.jpg,113,373,223,446,tieke
/home/JDMAC/keras_frcnn/data/train/restricted/190125_182522_00174890.jpg,314,446,405,522,daoju
/home/JDMAC/keras_frcnn/data/train/restricted/190125_182404_00174870.jpg,243,207,301,231,dianchi
/home/JDMAC/keras_frcnn/data/train/restricted/190125_182405_00174871.jpg,700,144,737,267,daoju
/home/JDMAC/keras_frcnn/data/train/restricted/190125_182420_00174875.jpg,174,306,228,366,daoju
/home/JDMAC/keras_frcnn/data/train/restricted/190125_182549_00174897.jpg,248,326,293,385,daoju
/home/JDMAC/keras_frcnn/data/train/restricted/190125_182359_00174869.jpg,594,259,692,300,daoju
/home/JDMAC/keras_frcnn/data/train/restricted/190125_182325_00174860.jpg,356,84,391,141,jiandao
/home/JDMAC/keras_frcnn/data/train/restricted/190125_182250_00174851.jpg,175,86,373,119,dianchi
/home/JDMAC/keras_frcnn/data/train/restricted/190125_182218_00174840.jpg,220,256,268,284,tieke
/home/JDMAC/keras_frcnn/data/train/restricted/190125_182342_00174865.jpg,898,267,974,317,dianchi
/home/JDMAC/keras_frcnn/data/train/restricted/190125_182239_00174847.jpg,269,153,342,223,daoju
/home/JDMAC/keras_frcnn/data/train/restricted/190125_182241_00174848.jpg,148,157,259,264,tieke
/home/JDMAC/keras_frcnn/data/train/restricted/190125_182452_00174882.jpg,948,415,1001,470,daoju
/home/JDMAC/keras_frcnn/data/train/restricted/190125_182246_00174850.jpg,488,242,572,258,daoju
/home/JDMAC/keras_frcnn/data/train/restricted/190125_182211_00174838.jpg,504,239,583,270,jiandao
/home/JDMAC/keras_frcnn/data/train/restricted/190125_182214_00174839.jpg,248,120,315,246,daoju
/home/JDMAC/keras_frcnn/data/train/restricted/190125_182255_00174853.jpg,258,155,314,197,dianchi
/home/JDMAC/keras_frcnn/data/train/restricted/190125_182038_00174814.jpg,77,186,172,293,tieke
/home/JDMAC/keras_frcnn/data/train/restricted/190125_182152_00174833.jpg,117,323,188,368,daoju
/home/JDMAC/keras_frcnn/data/train/restricted/190125_182208_00174837.jpg,147,140,248,240,daoju
/home/JDMAC/keras_frcnn/data/train/restricted/190125_182020_00174809.jpg,279,99,329,145,jiandao
/home/JDMAC/keras_frcnn/data/train/restricted/190125_182025_00174811.jpg,146,236,283,275,tieke
/home/JDMAC/keras_frcnn/data/train/restricted/190125_182305_00174856.jpg,831,276,946,355,daoju
/home/JDMAC/keras_frcnn/data/train/restricted/190125_182125_00174825.jpg,872,133,904,185,tieke
/home/JDMAC/keras_frcnn/data/train/restricted/190125_182017_00174808.jpg,396,424,462,476,dianchi
/home/JDMAC/keras_frcnn/data/train/restricted/190125_181929_00174795.jpg,223,348,275,363,daoju
/home/JDMAC/keras_frcnn/data/train/restricted/190125_182004_00174804.jpg,242,226,331,247,jiandao
/home/JDMAC/keras_frcnn/data/train/restricted/190125_181913_00174791.jpg,160,73,362,105,daoju
/home/JDMAC/keras_frcnn/data/train/restricted/190125_181905_00174789.jpg,228,179,315,208,daoju
/home/JDMAC/keras_frcnn/data/train/restricted/190125_181839_00174783.jpg,342,197,494,290,daoju
/home/JDMAC/keras_frcnn/data/train/restricted/190125_182033_00174813.jpg,0,152,107,235,dianchi
/home/JDMAC/keras_frcnn/data/train/restricted/190125_181836_00174782.jpg,239,236,308,287,daoju
/home/JDMAC/keras_frcnn/data/train/restricted/190125_181844_00174784.jpg,166,281,187,334,dianchi
/home/JDMAC/keras_frcnn/data/train/restricted/190125_181931_00174796.jpg,547,291,647,346,dianchi
/home/JDMAC/keras_frcnn/data/train/restricted/190125_181818_00174776.jpg,202,341,256,362,daoju
/home/JDMAC/keras_frcnn/data/train/restricted/190127_094529_00176961.jpg,776,205,813,315,tieke
/home/JDMAC/keras_frcnn/data/train/restricted/190125_181831_00174781.jpg,907,94,927,153,daoju
/home/JDMAC/keras_frcnn/data/train/restricted/190125_181754_00174769.jpg,944,262,1034,293,tieke
/home/JDMAC/keras_frcnn/data/train/restricted/190125_181703_00174756.jpg,81,185,187,245,dianchi
/home/JDMAC/keras_frcnn/data/train/restricted/190125_181658_00174754.jpg,291,219,389,255,daoju
/home/JDMAC/keras_frcnn/data/train/restricted/190125_181701_00174755.jpg,271,248,359,337,daoju
/home/JDMAC/keras_frcnn/data/train/restricted/190125_181900_00174788.jpg,471,350,520,396,dianchi
/home/JDMAC/keras_frcnn/data/train/restricted/190125_181621_00174744.jpg,359,259,472,345,tieke
/home/JDMAC/keras_frcnn/data/train/restricted/190125_181553_00174736.jpg,173,221,219,256,dianchi
/home/JDMAC/keras_frcnn/data/train/restricted/190125_181646_00174751.jpg,372,218,407,245,daoju
/home/JDMAC/keras_frcnn/data/train/restricted/190125_181955_00174801.jpg,0,286,58,346,daoju
/home/JDMAC/keras_frcnn/data/train/restricted/190125_181825_00174779.jpg,298,253,375,279,daoju
/home/JDMAC/keras_frcnn/data/train/restricted/190125_181632_00174748.jpg,463,287,519,326,dianchi
/home/JDMAC/keras_frcnn/data/train/restricted/190125_181543_00174734.jpg,616,203,642,251,daoju
/home/JDMAC/keras_frcnn/data/train/restricted/190125_181751_00174768.jpg,207,292,268,321,daoju
/home/JDMAC/keras_frcnn/data/train/restricted/190125_181717_00174760.jpg,738,293,822,307,tieke
/home/JDMAC/keras_frcnn/data/train/restricted/190125_181522_00174728.jpg,70,361,172,430,daoju
/home/JDMAC/keras_frcnn/data/train/restricted/190125_181559_00174737.jpg,198,278,339,405,daoju
/home/JDMAC/keras_frcnn/data/train/restricted/190125_181517_00174727.jpg,109,267,211,360,daoju
/home/JDMAC/keras_frcnn/data/train/restricted/190125_181456_00174722.jpg,275,79,310,126,daoju
/home/JDMAC/keras_frcnn/data/train/restricted/190125_181511_00174726.jpg,34,409,206,508,dianchi
/home/JDMAC/keras_frcnn/data/train/restricted/190125_181451_00174721.jpg,185,323,278,430,tieke
/home/JDMAC/keras_frcnn/data/train/restricted/190125_181506_00174725.jpg,48,265,122,377,daoju
/home/JDMAC/keras_frcnn/data/train/restricted/190125_181805_00174772.jpg,616,236,790,346,daoju
/home/JDMAC/keras_frcnn/data/train/restricted/190125_181330_00174704.jpg,552,211,640,231,dianchi
/home/JDMAC/keras_frcnn/data/train/restricted/190125_181439_00174718.jpg,5,255,100,278,jiandao
/home/JDMAC/keras_frcnn/data/train/restricted/190125_181300_00174696.jpg,142,210,175,258,tieke
/home/JDMAC/keras_frcnn/data/train/restricted/190125_181435_00174716.jpg,408,158,422,187,daoju
/home/JDMAC/keras_frcnn/data/train/restricted/190125_181308_00174698.jpg,469,108,609,201,dianchi
/home/JDMAC/keras_frcnn/data/train/restricted/190125_181250_00174693.jpg,256,275,306,386,tieke
/home/JDMAC/keras_frcnn/data/train/restricted/190125_181523_00174729.jpg,613,269,703,296,dianchi
/home/JDMAC/keras_frcnn/data/train/restricted/190125_181258_00174695.jpg,84,219,107,252,dianchi
/home/JDMAC/keras_frcnn/data/train/restricted/190125_181233_00174689.jpg,43,301,137,337,daoju
/home/JDMAC/keras_frcnn/data/train/restricted/190125_181427_00174714.jpg,960,282,1027,316,daoju
/home/JDMAC/keras_frcnn/data/train/restricted/190125_181208_00174682.jpg,323,99,379,145,daoju
/home/JDMAC/keras_frcnn/data/train/restricted/190125_181225_00174687.jpg,298,142,316,190,daoju
/home/JDMAC/keras_frcnn/data/train/restricted/190125_181134_00174674.jpg,159,214,201,269,tieke
/home/JDMAC/keras_frcnn/data/train/restricted/190125_181132_00174673.jpg,268,240,312,252,dianchi
/home/JDMAC/keras_frcnn/data/train/restricted/190125_181113_00174667.jpg,216,365,375,431,tieke
/home/JDMAC/keras_frcnn/data/train/restricted/190125_181103_00174664.jpg,169,213,199,241,daoju
/home/JDMAC/keras_frcnn/data/train/restricted/190125_181105_00174665.jpg,469,143,511,194,daoju
/home/JDMAC/keras_frcnn/data/train/restricted/190125_181503_00174724.jpg,401,245,482,289,daoju
/home/JDMAC/keras_frcnn/data/train/restricted/190125_181118_00174668.jpg,558,358,637,387,tieke
/home/JDMAC/keras_frcnn/data/train/restricted/190125_181127_00174671.jpg,555,465,642,488,daoju
/home/JDMAC/keras_frcnn/data/train/restricted/190125_181021_00174650.jpg,143,161,219,209,daoju
/home/JDMAC/keras_frcnn/data/train/restricted/190125_181100_00174663.jpg,184,303,216,330,dianchi
/home/JDMAC/keras_frcnn/data/train/restricted/190125_181022_00174651.jpg,415,234,437,351,daoju
/home/JDMAC/keras_frcnn/data/train/restricted/190125_181242_00174691.jpg,568,205,650,259,daoju
/home/JDMAC/keras_frcnn/data/train/restricted/190125_181009_00174647.jpg,277,136,335,151,daoju
/home/JDMAC/keras_frcnn/data/train/restricted/190125_181038_00174656.jpg,159,255,248,271,daoju
/home/JDMAC/keras_frcnn/data/train/restricted/190125_180948_00174641.jpg,157,304,308,358,tieke
/home/JDMAC/keras_frcnn/data/train/restricted/190125_180917_00174635.jpg,329,328,395,385,tieke
/home/JDMAC/keras_frcnn/data/train/restricted/190125_181028_00174653.jpg,208,166,235,194,tieke
/home/JDMAC/keras_frcnn/data/train/restricted/190125_180951_00174642.jpg,195,352,265,404,tieke
/home/JDMAC/keras_frcnn/data/train/restricted/190125_181153_00174679.jpg,81,320,127,382,dianchi
/home/JDMAC/keras_frcnn/data/train/restricted/190125_180937_00174639.jpg,450,250,538,278,daoju
/home/JDMAC/keras_frcnn/data/train/restricted/190125_180847_00174628.jpg,281,124,383,146,tieke
/home/JDMAC/keras_frcnn/data/train/restricted/190125_180833_00174625.jpg,963,305,1026,363,daoju
/home/JDMAC/keras_frcnn/data/train/restricted/190125_180827_00174623.jpg,116,245,159,293,daoju
/home/JDMAC/keras_frcnn/data/train/restricted/190125_180933_00174638.jpg,246,212,307,267,daoju
/home/JDMAC/keras_frcnn/data/train/restricted/190125_180830_00174624.jpg,215,342,240,399,daoju
/home/JDMAC/keras_frcnn/data/train/restricted/190125_180705_00174606.jpg,586,277,668,307,daoju
/home/JDMAC/keras_frcnn/data/train/restricted/190125_180727_00174611.jpg,286,311,417,379,dianchi
/home/JDMAC/keras_frcnn/data/train/restricted/190125_180805_00174619.jpg,279,185,393,264,heiding
/home/JDMAC/keras_frcnn/data/train/restricted/190125_180642_00174599.jpg,148,189,190,236,daoju
/home/JDMAC/keras_frcnn/data/train/restricted/190125_180655_00174603.jpg,146,673,320,727,heiding
/home/JDMAC/keras_frcnn/data/train/restricted/190125_180602_00174588.jpg,299,452,345,507,jiandao
/home/JDMAC/keras_frcnn/data/train/restricted/190125_180822_00174622.jpg,875,236,921,286,daoju
/home/JDMAC/keras_frcnn/data/train/restricted/190125_180942_00174640.jpg,812,253,944,331,daoju
/home/JDMAC/keras_frcnn/data/train/restricted/190125_180738_00174613.jpg,510,300,580,335,tieke
/home/JDMAC/keras_frcnn/data/train/restricted/190125_180652_00174602.jpg,307,442,365,474,dianchi
/home/JDMAC/keras_frcnn/data/train/restricted/190125_180534_00174581.jpg,92,154,254,226,daoju
/home/JDMAC/keras_frcnn/data/train/restricted/190125_180557_00174587.jpg,848,297,871,361,dianchi
/home/JDMAC/keras_frcnn/data/train/restricted/190125_180537_00174582.jpg,186,296,245,397,dianchi
/home/JDMAC/keras_frcnn/data/train/restricted/190125_180545_00174584.jpg,103,385,278,410,tieke
/home/JDMAC/keras_frcnn/data/train/restricted/190125_180510_00174575.jpg,153,351,258,403,dianchi
/home/JDMAC/keras_frcnn/data/train/restricted/190125_180529_00174580.jpg,778,203,827,235,dianchi
/home/JDMAC/keras_frcnn/data/train/restricted/190125_180516_00174577.jpg,311,221,468,282,tieke
/home/JDMAC/keras_frcnn/data/train/restricted/190125_180436_00174565.jpg,210,309,245,366,tieke
/home/JDMAC/keras_frcnn/data/train/restricted/190125_180540_00174583.jpg,775,386,821,443,dianchi
/home/JDMAC/keras_frcnn/data/train/restricted/190125_180345_00174551.jpg,131,157,202,194,daoju
/home/JDMAC/keras_frcnn/data/train/restricted/190125_180452_00174569.jpg,392,243,496,293,daoju
/home/JDMAC/keras_frcnn/data/train/restricted/190125_180441_00174567.jpg,853,422,879,476,dianchi
/home/JDMAC/keras_frcnn/data/train/restricted/190125_180347_00174552.jpg,811,322,852,371,daoju
/home/JDMAC/keras_frcnn/data/train/restricted/190125_180508_00174574.jpg,202,220,269,237,dianchi
/home/JDMAC/keras_frcnn/data/train/restricted/190125_180342_00174550.jpg,315,247,476,283,dianchi
/home/JDMAC/keras_frcnn/data/train/restricted/190125_180430_00174563.jpg,542,344,667,388,heiding
/home/JDMAC/keras_frcnn/data/train/restricted/190125_180324_00174546.jpg,399,196,438,253,dianchi
/home/JDMAC/keras_frcnn/data/train/restricted/190125_180306_00174542.jpg,749,285,840,388,dianchi
/home/JDMAC/keras_frcnn/data/train/restricted/190125_180420_00174560.jpg,643,258,745,369,dianchi
/home/JDMAC/keras_frcnn/data/train/restricted/190125_180257_00174540.jpg,278,278,420,362,tieke
/home/JDMAC/keras_frcnn/data/train/restricted/190125_180337_00174549.jpg,158,366,323,420,daoju
/home/JDMAC/keras_frcnn/data/train/restricted/190125_180316_00174544.jpg,526,341,638,391,dianchi
/home/JDMAC/keras_frcnn/data/train/restricted/190125_180231_00174532.jpg,71,202,145,301,tieke
/home/JDMAC/keras_frcnn/data/train/restricted/190125_180300_00174541.jpg,127,295,244,371,daoju
/home/JDMAC/keras_frcnn/data/train/restricted/190125_180249_00174537.jpg,207,185,292,235,tieke
/home/JDMAC/keras_frcnn/data/train/restricted/190125_180402_00174556.jpg,168,378,226,404,daoju
/home/JDMAC/keras_frcnn/data/train/restricted/190125_180322_00174545.jpg,258,268,295,328,dianchi
/home/JDMAC/keras_frcnn/data/train/restricted/190125_180158_00174521.jpg,392,157,501,249,heiding
/home/JDMAC/keras_frcnn/data/train/restricted/190125_180209_00174525.jpg,468,192,493,254,daoju
/home/JDMAC/keras_frcnn/data/train/restricted/190125_180221_00174529.jpg,343,248,375,307,dianchi
/home/JDMAC/keras_frcnn/data/train/restricted/190125_180234_00174533.jpg,128,339,191,442,daoju
/home/JDMAC/keras_frcnn/data/train/restricted/190125_180216_00174527.jpg,421,185,496,212,dianchi
/home/JDMAC/keras_frcnn/data/train/restricted/190125_180223_00174530.jpg,136,174,189,240,daoju
/home/JDMAC/keras_frcnn/data/train/restricted/190125_180247_00174536.jpg,259,215,287,234,dianchi
/home/JDMAC/keras_frcnn/data/train/restricted/190125_180135_00174514.jpg,586,331,685,369,daoju
/home/JDMAC/keras_frcnn/data/train/restricted/190125_180047_00174502.jpg,179,154,300,232,dianchi
/home/JDMAC/keras_frcnn/data/train/restricted/190125_180113_00174508.jpg,188,182,231,214,daoju
/home/JDMAC/keras_frcnn/data/train/restricted/190125_180242_00174535.jpg,794,223,822,276,daoju
/home/JDMAC/keras_frcnn/data/train/restricted/190125_180138_00174515.jpg,303,239,365,260,daoju
/home/JDMAC/keras_frcnn/data/train/restricted/190125_180127_00174512.jpg,184,234,228,291,dianchi
/home/JDMAC/keras_frcnn/data/train/restricted/190125_180028_00174497.jpg,518,288,548,324,dianchi
/home/JDMAC/keras_frcnn/data/train/restricted/190125_180150_00174518.jpg,199,236,220,274,daoju
/home/JDMAC/keras_frcnn/data/train/restricted/190125_180050_00174503.jpg,462,156,516,215,heiding
/home/JDMAC/keras_frcnn/data/train/restricted/190125_180034_00174499.jpg,104,252,130,316,dianchi
/home/JDMAC/keras_frcnn/data/train/restricted/190125_175641_00174467.jpg,215,118,320,211,dianchi
/home/JDMAC/keras_frcnn/data/train/restricted/190125_180016_00174495.jpg,404,141,500,189,dianchi
/home/JDMAC/keras_frcnn/data/train/restricted/190125_175636_00174466.jpg,716,348,778,450,dianchi
/home/JDMAC/keras_frcnn/data/train/restricted/190125_175506_00174453.jpg,263,95,302,150,daoju
/home/JDMAC/keras_frcnn/data/train/restricted/190125_175628_00174464.jpg,427,326,523,359,daoju
/home/JDMAC/keras_frcnn/data/train/restricted/190125_175651_00174471.jpg,138,318,165,362,daoju
/home/JDMAC/keras_frcnn/data/train/restricted/190125_180145_00174517.jpg,782,97,959,167,daoju
/home/JDMAC/keras_frcnn/data/train/restricted/190125_175511_00174455.jpg,190,134,339,207,tieke
/home/JDMAC/keras_frcnn/data/train/restricted/190125_175501_00174452.jpg,0,136,46,190,dianchi
/home/JDMAC/keras_frcnn/data/train/restricted/190125_175458_00174451.jpg,400,191,541,221,daoju
/home/JDMAC/keras_frcnn/data/train/restricted/190125_175437_00174446.jpg,599,275,648,302,tieke
/home/JDMAC/keras_frcnn/data/train/restricted/190125_175417_00174442.jpg,848,184,999,235,tieke
/home/JDMAC/keras_frcnn/data/train/restricted/190125_180023_00174496.jpg,956,347,984,407,tieke
/home/JDMAC/keras_frcnn/data/train/restricted/190125_175448_00174449.jpg,246,467,307,516,tieke
/home/JDMAC/keras_frcnn/data/train/restricted/190125_175410_00174440.jpg,353,159,388,195,daoju
/home/JDMAC/keras_frcnn/data/train/restricted/190122_182215_00169927.jpg,119,210,163,350,tieke
/home/JDMAC/keras_frcnn/data/train/restricted/190125_175903_00174479.jpg,236,330,319,352,dianchi
/home/JDMAC/keras_frcnn/data/train/restricted/190122_182120_00169912.jpg,289,282,406,374,daoju
/home/JDMAC/keras_frcnn/data/train/restricted/190122_182236_00169933.jpg,533,159,621,283,tieke
/home/JDMAC/keras_frcnn/data/train/restricted/190125_175428_00174444.jpg,1051,172,1119,223,dianchi
/home/JDMAC/keras_frcnn/data/train/restricted/190125_175957_00174492.jpg,262,216,429,286,dianchi
/home/JDMAC/keras_frcnn/data/train/restricted/190122_182109_00169909.jpg,88,205,217,289,daoju
/home/JDMAC/keras_frcnn/data/train/restricted/190122_182058_00169905.jpg,151,328,212,348,dianchi
/home/JDMAC/keras_frcnn/data/train/restricted/190122_182032_00169897.jpg,432,216,542,272,tieke
/home/JDMAC/keras_frcnn/data/train/restricted/190122_182206_00169924.jpg,61,131,206,205,dianchi
/home/JDMAC/keras_frcnn/data/train/restricted/190122_182010_00169891.jpg,417,279,522,348,dianchi
/home/JDMAC/keras_frcnn/data/train/restricted/190122_181955_00169885.jpg,249,231,405,281,daoju
/home/JDMAC/keras_frcnn/data/train/restricted/190122_182101_00169906.jpg,934,197,1042,262,tieke
/home/JDMAC/keras_frcnn/data/train/restricted/190122_181941_00169882.jpg,383,233,435,256,tieke
/home/JDMAC/keras_frcnn/data/train/restricted/190122_182038_00169899.jpg,256,108,311,219,dianchi
/home/JDMAC/keras_frcnn/data/train/restricted/190122_182042_00169900.jpg,435,111,519,194,dianchi
/home/JDMAC/keras_frcnn/data/train/restricted/190122_181811_00169874.jpg,79,231,108,261,daoju
/home/JDMAC/keras_frcnn/data/train/restricted/190122_181924_00169879.jpg,407,374,476,489,dianchi
/home/JDMAC/keras_frcnn/data/train/restricted/190122_181752_00169868.jpg,74,99,141,169,daoju
/home/JDMAC/keras_frcnn/data/train/restricted/190122_181800_00169871.jpg,799,175,954,242,jiandao
/home/JDMAC/keras_frcnn/data/train/restricted/190122_181631_00169847.jpg,334,230,427,336,dianchi
/home/JDMAC/keras_frcnn/data/train/restricted/190122_181634_00169848.jpg,109,81,225,104,daoju
/home/JDMAC/keras_frcnn/data/train/restricted/190122_181652_00169852.jpg,848,239,912,339,daoju
/home/JDMAC/keras_frcnn/data/train/restricted/190122_181636_00169849.jpg,338,389,450,477,tieke
/home/JDMAC/keras_frcnn/data/train/restricted/190122_181714_00169857.jpg,518,177,607,269,jiandao
/home/JDMAC/keras_frcnn/data/train/restricted/190122_181747_00169866.jpg,303,221,384,325,tieke
/home/JDMAC/keras_frcnn/data/train/restricted/190122_181521_00169829.jpg,179,171,243,198,tieke
/home/JDMAC/keras_frcnn/data/train/restricted/190122_181514_00169827.jpg,163,228,190,249,tieke
/home/JDMAC/keras_frcnn/data/train/restricted/190122_181442_00169818.jpg,477,577,522,588,daoju
/home/JDMAC/keras_frcnn/data/train/restricted/190122_181536_00169833.jpg,565,258,712,338,daoju
/home/JDMAC/keras_frcnn/data/train/restricted/190122_181546_00169836.jpg,107,326,156,365,daoju
/home/JDMAC/keras_frcnn/data/train/restricted/190122_181332_00169801.jpg,780,171,844,193,daoju
/home/JDMAC/keras_frcnn/data/train/restricted/190122_181349_00169805.jpg,654,327,759,396,dianchi
/home/JDMAC/keras_frcnn/data/train/restricted/190122_181330_00169800.jpg,244,165,352,270,tieke
/home/JDMAC/keras_frcnn/data/train/restricted/190122_181617_00169843.jpg,365,296,521,387,daoju
/home/JDMAC/keras_frcnn/data/train/restricted/190122_181308_00169795.jpg,156,284,280,355,tieke
/home/JDMAC/keras_frcnn/data/train/restricted/190122_181323_00169798.jpg,856,414,910,469,tieke
/home/JDMAC/keras_frcnn/data/train/restricted/190122_181215_00169782.jpg,71,258,113,268,tieke
/home/JDMAC/keras_frcnn/data/train/restricted/190122_181153_00169775.jpg,171,251,315,303,daoju
/home/JDMAC/keras_frcnn/data/train/restricted/190122_181238_00169788.jpg,676,233,792,323,daoju
/home/JDMAC/keras_frcnn/data/train/restricted/190122_181612_00169842.jpg,526,388,546,434,daoju
/home/JDMAC/keras_frcnn/data/train/restricted/190122_181257_00169792.jpg,825,277,871,320,daoju
/home/JDMAC/keras_frcnn/data/train/restricted/190122_181154_00169776.jpg,840,281,883,324,daoju
/home/JDMAC/keras_frcnn/data/train/restricted/190122_181141_00169772.jpg,503,198,549,239,tieke
/home/JDMAC/keras_frcnn/data/train/restricted/190122_181146_00169773.jpg,384,271,451,382,daoju
/home/JDMAC/keras_frcnn/data/train/restricted/190122_181051_00169761.jpg,223,275,297,375,tieke
/home/JDMAC/keras_frcnn/data/train/restricted/190122_181122_00169768.jpg,771,217,801,274,daoju
/home/JDMAC/keras_frcnn/data/train/restricted/190122_181028_00169755.jpg,287,199,441,279,tieke
/home/JDMAC/keras_frcnn/data/train/restricted/190122_181136_00169771.jpg,1053,384,1143,445,daoju
/home/JDMAC/keras_frcnn/data/train/restricted/190122_181038_00169757.jpg,850,321,901,376,daoju
/home/JDMAC/keras_frcnn/data/train/restricted/190122_181010_00169751.jpg,280,224,372,321,daoju
/home/JDMAC/keras_frcnn/data/train/restricted/190122_180956_00169747.jpg,423,127,538,179,daoju
/home/JDMAC/keras_frcnn/data/train/restricted/190122_180952_00169746.jpg,196,139,281,166,dianchi
/home/JDMAC/keras_frcnn/data/train/restricted/190122_181006_00169750.jpg,275,351,439,420,dianchi
/home/JDMAC/keras_frcnn/data/train/restricted/190122_180944_00169745.jpg,69,111,130,181,daoju
/home/JDMAC/keras_frcnn/data/train/restricted/190122_181131_00169770.jpg,747,178,882,251,tieke
/home/JDMAC/keras_frcnn/data/train/restricted/190122_181104_00169763.jpg,725,254,840,337,dianchi
/home/JDMAC/keras_frcnn/data/train/restricted/190122_180906_00169741.jpg,306,225,358,268,daoju
/home/JDMAC/keras_frcnn/data/train/restricted/190122_180819_00169733.jpg,678,262,731,372,daoju
/home/JDMAC/keras_frcnn/data/train/restricted/190122_180745_00169725.jpg,68,98,95,142,tieke
/home/JDMAC/keras_frcnn/data/train/restricted/190122_180801_00169729.jpg,444,303,509,406,daoju
/home/JDMAC/keras_frcnn/data/train/restricted/190122_180824_00169734.jpg,662,479,784,532,tieke
/home/JDMAC/keras_frcnn/data/train/restricted/190122_180640_00169710.jpg,241,221,388,265,daoju
/home/JDMAC/keras_frcnn/data/train/restricted/190122_180735_00169723.jpg,561,192,689,282,daoju
/home/JDMAC/keras_frcnn/data/train/restricted/190122_180642_00169711.jpg,434,483,531,563,tieke
/home/JDMAC/keras_frcnn/data/train/restricted/190122_180617_00169704.jpg,127,161,213,216,daoju
/home/JDMAC/keras_frcnn/data/train/restricted/190122_180702_00169716.jpg,505,427,594,437,daoju
/home/JDMAC/keras_frcnn/data/train/restricted/190122_180626_00169706.jpg,407,377,445,408,heiding
/home/JDMAC/keras_frcnn/data/train/restricted/190122_180610_00169702.jpg,372,157,413,204,jiandao
/home/JDMAC/keras_frcnn/data/train/restricted/190122_180628_00169707.jpg,60,242,210,315,daoju
/home/JDMAC/keras_frcnn/data/train/restricted/190122_180635_00169709.jpg,426,358,527,431,daoju
/home/JDMAC/keras_frcnn/data/train/restricted/190122_180605_00169701.jpg,692,527,733,627,daoju
/home/JDMAC/keras_frcnn/data/train/restricted/190122_180656_00169715.jpg,690,190,885,237,tieke
/home/JDMAC/keras_frcnn/data/train/restricted/190122_180508_00169688.jpg,158,181,217,234,dianchi
/home/JDMAC/keras_frcnn/data/train/restricted/190122_180453_00169685.jpg,621,541,744,628,daoju
/home/JDMAC/keras_frcnn/data/train/restricted/190122_180527_00169692.jpg,243,242,399,296,daoju
/home/JDMAC/keras_frcnn/data/train/restricted/190122_180511_00169689.jpg,756,259,820,320,dianchi
/home/JDMAC/keras_frcnn/data/train/restricted/190122_180539_00169695.jpg,779,351,906,431,tieke
/home/JDMAC/keras_frcnn/data/train/restricted/190122_180503_00169687.jpg,1028,494,1151,528,daoju
/home/JDMAC/keras_frcnn/data/train/restricted/190122_180428_00169680.jpg,672,198,826,263,dianchi
/home/JDMAC/keras_frcnn/data/train/restricted/190122_180448_00169684.jpg,315,341,418,415,tieke
/home/JDMAC/keras_frcnn/data/train/restricted/190122_180721_00169720.jpg,607,353,663,435,dianchi
/home/JDMAC/keras_frcnn/data/train/restricted/190122_180354_00169673.jpg,338,157,479,229,tieke
/home/JDMAC/keras_frcnn/data/train/restricted/190122_180313_00169664.jpg,142,144,197,256,heiding
/home/JDMAC/keras_frcnn/data/train/restricted/190122_180303_00169662.jpg,718,128,843,210,jiandao
/home/JDMAC/keras_frcnn/data/train/restricted/190122_180402_00169675.jpg,192,147,265,202,daoju
/home/JDMAC/keras_frcnn/data/train/restricted/190122_180438_00169682.jpg,288,363,356,391,tieke
/home/JDMAC/keras_frcnn/data/train/restricted/190122_180337_00169669.jpg,172,338,279,403,daoju
/home/JDMAC/keras_frcnn/data/train/restricted/190122_180252_00169659.jpg,930,379,994,460,daoju
/home/JDMAC/keras_frcnn/data/train/restricted/190122_180241_00169656.jpg,919,552,973,606,dianchi
/home/JDMAC/keras_frcnn/data/train/restricted/190122_180342_00169670.jpg,80,213,202,280,tieke
/home/JDMAC/keras_frcnn/data/train/restricted/190122_180326_00169667.jpg,628,309,703,414,jiandao
/home/JDMAC/keras_frcnn/data/train/restricted/190122_180223_00169652.jpg,164,170,232,230,tieke
/home/JDMAC/keras_frcnn/data/train/restricted/190122_180259_00169661.jpg,313,63,353,114,tieke
/home/JDMAC/keras_frcnn/data/train/restricted/190122_180236_00169655.jpg,656,295,714,349,tieke
/home/JDMAC/keras_frcnn/data/train/restricted/190122_180207_00169649.jpg,425,467,516,478,tieke
/home/JDMAC/keras_frcnn/data/train/restricted/190122_180127_00169641.jpg,534,393,580,435,tieke
/home/JDMAC/keras_frcnn/data/train/restricted/190122_180138_00169643.jpg,718,376,807,393,dianchi
/home/JDMAC/keras_frcnn/data/train/restricted/190122_180231_00169654.jpg,825,361,936,419,tieke
/home/JDMAC/keras_frcnn/data/train/restricted/190122_180202_00169648.jpg,705,276,771,312,daoju
/home/JDMAC/keras_frcnn/data/train/restricted/190122_180122_00169640.jpg,532,395,577,455,daoju
/home/JDMAC/keras_frcnn/data/train/restricted/190122_180034_00169630.jpg,358,254,523,345,dianchi
/home/JDMAC/keras_frcnn/data/train/restricted/190122_180105_00169637.jpg,489,560,599,621,dianchi
/home/JDMAC/keras_frcnn/data/train/restricted/190122_180112_00169638.jpg,397,135,459,173,daoju
/home/JDMAC/keras_frcnn/data/train/restricted/190122_180132_00169642.jpg,741,462,851,537,tieke
/home/JDMAC/keras_frcnn/data/train/restricted/190122_180117_00169639.jpg,531,283,606,380,tieke
/home/JDMAC/keras_frcnn/data/train/restricted/190122_180010_00169625.jpg,152,363,217,462,tieke
/home/JDMAC/keras_frcnn/data/train/restricted/190122_180029_00169629.jpg,182,264,307,344,tieke
/home/JDMAC/keras_frcnn/data/train/restricted/190122_175941_00169617.jpg,145,226,200,235,heiding
/home/JDMAC/keras_frcnn/data/train/restricted/190122_175917_00169611.jpg,337,209,428,233,tieke
/home/JDMAC/keras_frcnn/data/train/restricted/190122_180041_00169631.jpg,496,336,529,393,dianchi
/home/JDMAC/keras_frcnn/data/train/restricted/190122_175954_00169620.jpg,825,365,978,425,heiding
/home/JDMAC/keras_frcnn/data/train/restricted/190122_175839_00169601.jpg,198,185,227,218,heiding
/home/JDMAC/keras_frcnn/data/train/restricted/190122_175820_00169597.jpg,361,241,392,278,heiding
/home/JDMAC/keras_frcnn/data/train/restricted/190122_175849_00169604.jpg,262,294,319,335,tieke
/home/JDMAC/keras_frcnn/data/train/restricted/190122_175925_00169613.jpg,735,259,908,354,tieke
/home/JDMAC/keras_frcnn/data/train/restricted/190122_175810_00169594.jpg,194,130,285,154,tieke
/home/JDMAC/keras_frcnn/data/train/restricted/190122_175931_00169614.jpg,293,199,470,278,heiding
/home/JDMAC/keras_frcnn/data/train/restricted/190122_175811_00169595.jpg,237,197,284,252,daoju
/home/JDMAC/keras_frcnn/data/train/restricted/190122_175825_00169598.jpg,733,489,847,526,heiding
/home/JDMAC/keras_frcnn/data/train/restricted/190122_175726_00169584.jpg,485,302,563,334,heiding
/home/JDMAC/keras_frcnn/data/train/restricted/190122_175739_00169587.jpg,317,97,356,138,tieke
190122_175720_00169582.jpg,,,,,
/home/JDMAC/keras_frcnn/data/train/restricted/190122_180019_00169627.jpg,676,232,794,358,heiding
/home/JDMAC/keras_frcnn/data/train/restricted/190122_175729_00169585.jpg,799,135,859,167,heiding
/home/JDMAC/keras_frcnn/data/train/restricted/190122_175648_00169575.jpg,286,179,373,198,heiding
/home/JDMAC/keras_frcnn/data/train/restricted/190122_175713_00169580.jpg,258,295,326,326,tieke
/home/JDMAC/keras_frcnn/data/train/restricted/190122_175612_00169570.jpg,203,250,285,295,heiding
/home/JDMAC/keras_frcnn/data/train/restricted/190122_175651_00169576.jpg,815,363,921,432,tieke
/home/JDMAC/keras_frcnn/data/train/restricted/190122_175605_00169568.jpg,125,579,187,614,heiding
/home/JDMAC/keras_frcnn/data/train/restricted/190122_175734_00169586.jpg,329,385,417,412,tieke
/home/JDMAC/keras_frcnn/data/train/restricted/190122_175513_00169561.jpg,133,197,207,242,tieke
/home/JDMAC/keras_frcnn/data/train/restricted/190122_175453_00169558.jpg,382,208,454,250,heiding
/home/JDMAC/keras_frcnn/data/train/restricted/190122_175630_00169571.jpg,454,362,501,416,tieke
/home/JDMAC/keras_frcnn/data/train/restricted/190122_175429_00169554.jpg,151,244,269,340,tieke
/home/JDMAC/keras_frcnn/data/train/restricted/190122_175427_00169553.jpg,189,606,263,633,heiding
/home/JDMAC/keras_frcnn/data/train/restricted/190122_175656_00169577.jpg,131,131,193,161,tieke
/home/JDMAC/keras_frcnn/data/train/restricted/190122_175408_00169550.jpg,184,562,241,609,tieke
/home/JDMAC/keras_frcnn/data/train/restricted/190122_175355_00169549.jpg,182,140,249,170,tieke
/home/JDMAC/keras_frcnn/data/train/restricted/190122_175348_00169547.jpg,264,62,337,109,tieke
/home/JDMAC/keras_frcnn/data/train/restricted/190122_175327_00169544.jpg,252,504,329,549,jiandao
/home/JDMAC/keras_frcnn/data/train/restricted/190122_175255_00169541.jpg,287,293,436,325,jiandao
/home/JDMAC/keras_frcnn/data/train/restricted/190122_175236_00169536.jpg,314,403,373,453,jiandao
/home/JDMAC/keras_frcnn/data/train/restricted/190122_175252_00169540.jpg,321,178,429,200,jiandao
/home/JDMAC/keras_frcnn/data/train/restricted/190122_175243_00169537.jpg,311,260,362,368,tieke
/home/JDMAC/keras_frcnn/data/train/restricted/190122_175308_00169542.jpg,208,59,267,103,jiandao
/home/JDMAC/keras_frcnn/data/train/restricted/190122_175246_00169538.jpg,292,546,470,609,jiandao
/home/JDMAC/keras_frcnn/data/train/restricted/190122_175155_00169528.jpg,138,278,256,380,jiandao
/home/JDMAC/keras_frcnn/data/train/restricted/190122_175232_00169535.jpg,245,379,425,422,jiandao
/home/JDMAC/keras_frcnn/data/train/restricted/190122_175144_00169526.jpg,346,542,453,632,jiandao
/home/JDMAC/keras_frcnn/data/train/restricted/190122_175123_00169521.jpg,605,322,726,427,jiandao
/home/JDMAC/keras_frcnn/data/train/restricted/190122_175113_00169519.jpg,257,309,336,363,jiandao
/home/JDMAC/keras_frcnn/data/train/restricted/190122_175053_00169515.jpg,358,120,494,146,jiandao
/home/JDMAC/keras_frcnn/data/train/restricted/190122_175149_00169527.jpg,144,176,334,207,jiandao
/home/JDMAC/keras_frcnn/data/train/restricted/190122_175038_00169513.jpg,208,428,402,478,jiandao
/home/JDMAC/keras_frcnn/data/train/restricted/190122_175022_00169509.jpg,232,233,354,277,jiandao
/home/JDMAC/keras_frcnn/data/train/restricted/190122_175019_00169508.jpg,373,138,393,267,jiandao
/home/JDMAC/keras_frcnn/data/train/restricted/190122_175044_00169514.jpg,323,217,444,324,jiandao
/home/JDMAC/keras_frcnn/data/train/restricted/190122_174956_00169505.jpg,132,404,320,483,dianchi
/home/JDMAC/keras_frcnn/data/train/restricted/190122_174931_00169501.jpg,241,301,400,354,dianchi
/home/JDMAC/keras_frcnn/data/train/restricted/190122_174935_00169502.jpg,155,145,172,178,jiandao
/home/JDMAC/keras_frcnn/data/train/restricted/190122_175004_00169507.jpg,685,455,758,568,jiandao
/home/JDMAC/keras_frcnn/data/train/restricted/190122_175117_00169520.jpg,224,493,342,605,dianchi
/home/JDMAC/keras_frcnn/data/train/restricted/190122_174854_00169493.jpg,406,124,562,182,dianchi
/home/JDMAC/keras_frcnn/data/train/restricted/190122_174941_00169504.jpg,253,238,409,293,dianchi
/home/JDMAC/keras_frcnn/data/train/restricted/190122_174851_00169492.jpg,286,297,334,305,daoju
/home/JDMAC/keras_frcnn/data/train/restricted/190122_174920_00169499.jpg,758,333,855,441,dianchi
/home/JDMAC/keras_frcnn/data/train/restricted/190122_174847_00169490.jpg,122,248,175,263,dianchi
/home/JDMAC/keras_frcnn/data/train/restricted/190122_174755_00169476.jpg,389,174,400,204,dianchi
/home/JDMAC/keras_frcnn/data/train/restricted/190122_174735_00169470.jpg,236,447,399,518,daoju
/home/JDMAC/keras_frcnn/data/train/restricted/190122_174813_00169481.jpg,634,192,727,264,dianchi
/home/JDMAC/keras_frcnn/data/train/restricted/190122_174722_00169468.jpg,213,263,273,365,dianchi
/home/JDMAC/keras_frcnn/data/train/restricted/190122_174807_00169480.jpg,822,268,837,307,dianchi
/home/JDMAC/keras_frcnn/data/train/restricted/190122_174907_00169497.jpg,1104,267,1116,294,dianchi
/home/JDMAC/keras_frcnn/data/train/restricted/190122_174706_00169465.jpg,223,143,322,212,dianchi
/home/JDMAC/keras_frcnn/data/train/restricted/190122_174738_00169471.jpg,333,248,441,342,daoju
/home/JDMAC/keras_frcnn/data/train/restricted/190122_174712_00169466.jpg,763,139,892,247,dianchi
/home/JDMAC/keras_frcnn/data/train/restricted/190122_174700_00169464.jpg,340,237,499,295,daoju
/home/JDMAC/keras_frcnn/data/train/restricted/190122_174610_00169455.jpg,63,213,224,256,dianchi
/home/JDMAC/keras_frcnn/data/train/restricted/190122_174651_00169462.jpg,232,256,258,283,dianchi
/home/JDMAC/keras_frcnn/data/train/restricted/190122_174646_00169461.jpg,645,301,809,364,dianchi
/home/JDMAC/keras_frcnn/data/train/restricted/190122_174717_00169467.jpg,590,204,670,305,daoju
/home/JDMAC/keras_frcnn/data/train/restricted/190122_174542_00169449.jpg,174,38,407,95,daoju
/home/JDMAC/keras_frcnn/data/train/restricted/190122_174554_00169452.jpg,377,247,553,270,daoju
/home/JDMAC/keras_frcnn/data/train/restricted/190122_174511_00169444.jpg,384,303,563,329,daoju
/home/JDMAC/keras_frcnn/data/train/restricted/190122_174525_00169446.jpg,542,288,665,319,daoju
/home/JDMAC/keras_frcnn/data/train/restricted/190122_174501_00169441.jpg,182,167,427,204,daoju
/home/JDMAC/keras_frcnn/data/train/restricted/190122_174443_00169438.jpg,329,192,489,231,daoju
/home/JDMAC/keras_frcnn/data/train/restricted/190122_174403_00169431.jpg,146,251,260,340,daoju
/home/JDMAC/keras_frcnn/data/train/restricted/190122_174359_00169430.jpg,77,54,330,225,daoju
/home/JDMAC/keras_frcnn/data/train/restricted/190122_174432_00169436.jpg,336,214,477,235,daoju
/home/JDMAC/keras_frcnn/data/train/restricted/190122_174354_00169429.jpg,788,286,880,344,jiandao
/home/JDMAC/keras_frcnn/data/train/restricted/190119_201156_00164765 (7).jpg,550,245,614,286,daoju
/home/JDMAC/keras_frcnn/data/train/restricted/190122_174531_00169447.jpg,899,423,930,495,daoju
/home/JDMAC/keras_frcnn/data/train/restricted/190122_174326_00169424.jpg,421,300,470,375,dianchi
/home/JDMAC/keras_frcnn/data/train/restricted/190122_174830_00169485.jpg,268,308,299,335,daoju
/home/JDMAC/keras_frcnn/data/train/restricted/190119_185528_00167125.jpg,229,109,361,189,daoju
/home/JDMAC/keras_frcnn/data/train/restricted/190119_185550_00167130.jpg,178,346,317,434,tieke
/home/JDMAC/keras_frcnn/data/train/restricted/190119_185258_00167088.jpg,85,227,250,300,daoju
/home/JDMAC/keras_frcnn/data/train/restricted/190119_185256_00167087.jpg,428,240,520,256,daoju
/home/JDMAC/keras_frcnn/data/train/restricted/190119_185251_00167086.jpg,347,282,407,334,tieke
/home/JDMAC/keras_frcnn/data/train/restricted/190119_185246_00167085.jpg,913,258,1044,354,daoju
/home/JDMAC/keras_frcnn/data/train/restricted/190119_185135_00167067.jpg,280,276,371,305,tieke
/home/JDMAC/keras_frcnn/data/train/restricted/190119_185150_00167070.jpg,206,449,318,508,tieke
/home/JDMAC/keras_frcnn/data/train/restricted/190119_185206_00167075.jpg,721,129,826,205,daoju
/home/JDMAC/keras_frcnn/data/train/restricted/190119_185132_00167066.jpg,141,240,283,309,tieke
/home/JDMAC/keras_frcnn/data/train/restricted/190119_185119_00167063.jpg,187,99,367,178,tieke
/home/JDMAC/keras_frcnn/data/train/restricted/190119_185025_00167049.jpg,682,278,809,363,daoju
/home/JDMAC/keras_frcnn/data/train/restricted/190119_185059_00167058.jpg,904,330,931,383,tieke
/home/JDMAC/keras_frcnn/data/train/restricted/190119_185234_00167081.jpg,738,267,757,324,daoju
/home/JDMAC/keras_frcnn/data/train/restricted/190119_185054_00167056.jpg,390,295,515,375,daoju
/home/JDMAC/keras_frcnn/data/train/restricted/190119_184927_00167035.jpg,520,228,566,280,daoju
/home/JDMAC/keras_frcnn/data/train/restricted/190119_184930_00167036.jpg,316,406,411,423,tieke
/home/JDMAC/keras_frcnn/data/train/restricted/190119_185001_00167044.jpg,893,168,984,187,tieke
/home/JDMAC/keras_frcnn/data/train/restricted/190119_184932_00167037.jpg,255,202,382,303,daoju
/home/JDMAC/keras_frcnn/data/train/restricted/190119_184946_00167040.jpg,933,280,990,350,daoju
/home/JDMAC/keras_frcnn/data/train/restricted/190119_184918_00167032.jpg,183,124,298,225,daoju
/home/JDMAC/keras_frcnn/data/train/restricted/190119_184707_00167004.jpg,341,242,455,307,tieke
/home/JDMAC/keras_frcnn/data/train/restricted/190119_184816_00167019.jpg,357,151,432,170,daoju
/home/JDMAC/keras_frcnn/data/train/restricted/190119_184554_00166986.jpg,109,283,156,346,tieke
/home/JDMAC/keras_frcnn/data/train/restricted/190119_184658_00167002.jpg,135,120,265,214,daoju
/home/JDMAC/keras_frcnn/data/train/restricted/190119_184453_00166974.jpg,80,219,190,290,daoju
/home/JDMAC/keras_frcnn/data/train/restricted/190119_184522_00166980.jpg,838,646,937,731,daoju
/home/JDMAC/keras_frcnn/data/train/restricted/190119_184338_00166954.jpg,807,303,856,407,daoju
/home/JDMAC/keras_frcnn/data/train/restricted/190119_184418_00166965.jpg,902,90,942,165,tieke
/home/JDMAC/keras_frcnn/data/train/restricted/190119_184354_00166958.jpg,176,227,290,331,daoju
/home/JDMAC/keras_frcnn/data/train/restricted/190119_183928_00166894.jpg,166,113,275,215,tieke
/home/JDMAC/keras_frcnn/data/train/restricted/190119_183848_00166884.jpg,545,196,606,260,daoju
/home/JDMAC/keras_frcnn/data/train/restricted/190119_184316_00166949.jpg,756,532,843,566,daoju
/home/JDMAC/keras_frcnn/data/train/restricted/190119_184451_00166973.jpg,234,117,346,215,tieke
/home/JDMAC/keras_frcnn/data/train/restricted/190119_183723_00166862.jpg,257,93,430,136,daoju
/home/JDMAC/keras_frcnn/data/train/restricted/190119_183832_00166880.jpg,804,289,821,338,tieke
/home/JDMAC/keras_frcnn/data/train/restricted/190119_183827_00166878.jpg,956,249,1073,363,daoju
/home/JDMAC/keras_frcnn/data/train/restricted/190119_183715_00166860.jpg,875,295,960,326,daoju
/home/JDMAC/keras_frcnn/data/train/restricted/190119_183837_00166881.jpg,404,295,555,373,daoju
/home/JDMAC/keras_frcnn/data/train/restricted/190119_183741_00166866.jpg,360,193,498,295,daoju
/home/JDMAC/keras_frcnn/data/train/restricted/190119_183529_00166837.jpg,217,102,338,202,tieke
/home/JDMAC/keras_frcnn/data/train/restricted/190119_183605_00166845.jpg,76,470,120,529,daoju
/home/JDMAC/keras_frcnn/data/train/restricted/190119_183452_00166827.jpg,167,142,230,197,tieke
/home/JDMAC/keras_frcnn/data/train/restricted/190119_183242_00166797.jpg,22,459,96,552,tieke
/home/JDMAC/keras_frcnn/data/train/restricted/190119_183135_00166780.jpg,185,202,364,227,daoju
/home/JDMAC/keras_frcnn/data/train/restricted/190119_183150_00166784.jpg,3,327,91,390,daoju
/home/JDMAC/keras_frcnn/data/train/restricted/190119_183127_00166777.jpg,203,278,291,309,daoju
/home/JDMAC/keras_frcnn/data/train/restricted/190119_183108_00166772.jpg,351,158,399,199,tieke
/home/JDMAC/keras_frcnn/data/train/restricted/190119_183142_00166782.jpg,447,417,489,472,tieke
/home/JDMAC/keras_frcnn/data/train/restricted/190119_183025_00166762.jpg,908,353,1086,426,daoju
/home/JDMAC/keras_frcnn/data/train/restricted/190119_182954_00166753.jpg,432,282,490,333,daoju
/home/JDMAC/keras_frcnn/data/train/restricted/190119_183119_00166775.jpg,397,411,432,464,daoju
/home/JDMAC/keras_frcnn/data/train/restricted/190119_183033_00166764.jpg,116,40,145,103,dianchi
/home/JDMAC/keras_frcnn/data/train/restricted/190119_182957_00166754.jpg,309,161,423,216,daoju
/home/JDMAC/keras_frcnn/data/train/restricted/190119_182818_00166739.jpg,257,364,425,423,tieke
/home/JDMAC/keras_frcnn/data/train/restricted/190119_182732_00166729.jpg,287,211,403,308,tieke
/home/JDMAC/keras_frcnn/data/train/restricted/190119_182751_00166734.jpg,537,359,677,449,tieke
/home/JDMAC/keras_frcnn/data/train/restricted/190119_182718_00166725.jpg,117,189,178,251,tieke
/home/JDMAC/keras_frcnn/data/train/restricted/190119_182811_00166737.jpg,84,213,141,240,daoju
/home/JDMAC/keras_frcnn/data/train/restricted/190119_182502_00166687.jpg,170,111,314,199,tieke
/home/JDMAC/keras_frcnn/data/train/restricted/190119_182739_00166731.jpg,730,341,808,382,daoju
/home/JDMAC/keras_frcnn/data/train/restricted/190119_182456_00166685.jpg,252,194,319,252,tieke
/home/JDMAC/keras_frcnn/data/train/restricted/190119_182510_00166690.jpg,476,270,612,387,tieke
/home/JDMAC/keras_frcnn/data/train/restricted/190119_181648_00166671.jpg,427,417,541,497,tieke
/home/JDMAC/keras_frcnn/data/train/restricted/190119_181657_00166673.jpg,609,382,675,440,daoju
/home/JDMAC/keras_frcnn/data/train/restricted/190119_181714_00166677.jpg,683,410,797,472,tieke
/home/JDMAC/keras_frcnn/data/train/restricted/190119_182642_00166715.jpg,254,242,414,299,tieke
/home/JDMAC/keras_frcnn/data/train/restricted/190119_181604_00166660.jpg,178,530,324,640,tieke
/home/JDMAC/keras_frcnn/data/train/restricted/190119_181629_00166666.jpg,123,138,184,249,daoju
/home/JDMAC/keras_frcnn/data/train/restricted/190119_181551_00166657.jpg,413,561,528,623,daoju
/home/JDMAC/keras_frcnn/data/train/restricted/190119_181417_00166632.jpg,185,230,238,283,daoju
/home/JDMAC/keras_frcnn/data/train/restricted/190119_181449_00166641.jpg,271,120,368,230,daoju
/home/JDMAC/keras_frcnn/data/train/restricted/190119_181335_00166619.jpg,63,167,115,195,daoju
/home/JDMAC/keras_frcnn/data/train/restricted/190119_181317_00166615.jpg,32,242,124,334,daoju
/home/JDMAC/keras_frcnn/data/train/restricted/190119_181213_00166599.jpg,312,110,388,159,tieke
/home/JDMAC/keras_frcnn/data/train/restricted/190119_181248_00166607.jpg,284,332,407,430,tieke
/home/JDMAC/keras_frcnn/data/train/restricted/190119_181220_00166601.jpg,285,265,402,352,daoju
/home/JDMAC/keras_frcnn/data/train/restricted/190119_181159_00166596.jpg,174,549,282,600,dianchi
/home/JDMAC/keras_frcnn/data/train/restricted/190119_181135_00166589.jpg,207,359,292,392,daoju
/home/JDMAC/keras_frcnn/data/train/restricted/190119_181138_00166590.jpg,596,274,669,325,daoju
/home/JDMAC/keras_frcnn/data/train/restricted/190119_181118_00166584.jpg,212,139,296,174,tieke
/home/JDMAC/keras_frcnn/data/train/restricted/190119_181041_00166573.jpg,391,373,562,463,daoju
/home/JDMAC/keras_frcnn/data/train/restricted/190119_181047_00166575.jpg,923,407,980,461,daoju
/home/JDMAC/keras_frcnn/data/train/restricted/190119_180922_00166552.jpg,401,310,487,349,tieke
/home/JDMAC/keras_frcnn/data/train/restricted/190119_181312_00166614.jpg,876,85,968,172,daoju
/home/JDMAC/keras_frcnn/data/train/restricted/190119_180901_00166545.jpg,231,266,380,308,tieke
/home/JDMAC/keras_frcnn/data/train/restricted/190119_180847_00166541.jpg,444,526,602,561,daoju
/home/JDMAC/keras_frcnn/data/train/restricted/190119_181000_00166561.jpg,93,136,130,198,daoju
/home/JDMAC/keras_frcnn/data/train/restricted/190119_180858_00166544.jpg,199,427,229,487,daoju
/home/JDMAC/keras_frcnn/data/train/restricted/190119_180758_00166526.jpg,294,315,385,344,daoju
/home/JDMAC/keras_frcnn/data/train/restricted/190119_180805_00166529.jpg,255,180,370,259,daoju
190119_180702_00166512.jpg,,,,,
/home/JDMAC/keras_frcnn/data/train/restricted/190119_180705_00166513.jpg,148,186,217,265,tieke
/home/JDMAC/keras_frcnn/data/train/restricted/190119_180734_00166520.jpg,285,459,478,523,tieke
/home/JDMAC/keras_frcnn/data/train/restricted/190119_180631_00166503.jpg,444,215,502,324,tieke
/home/JDMAC/keras_frcnn/data/train/restricted/190119_180713_00166515.jpg,879,268,970,283,daoju
/home/JDMAC/keras_frcnn/data/train/restricted/190119_180639_00166505.jpg,487,254,521,320,tieke
/home/JDMAC/keras_frcnn/data/train/restricted/190119_180518_00166484.jpg,451,299,518,402,tieke
/home/JDMAC/keras_frcnn/data/train/restricted/190119_180546_00166491.jpg,326,362,476,467,daoju
/home/JDMAC/keras_frcnn/data/train/restricted/190119_180442_00166475.jpg,117,256,166,311,daoju
/home/JDMAC/keras_frcnn/data/train/restricted/190119_180514_00166483.jpg,183,372,237,429,daoju
/home/JDMAC/keras_frcnn/data/train/restricted/190119_180430_00166472.jpg,180,440,275,542,tieke
/home/JDMAC/keras_frcnn/data/train/restricted/190119_180351_00166460.jpg,627,481,681,533,tieke
/home/JDMAC/keras_frcnn/data/train/restricted/190119_180334_00166455.jpg,312,225,478,325,tieke
/home/JDMAC/keras_frcnn/data/train/restricted/190119_180308_00166448.jpg,476,462,635,511,daoju
/home/JDMAC/keras_frcnn/data/train/restricted/190119_180243_00166440.jpg,429,487,521,523,daoju
/home/JDMAC/keras_frcnn/data/train/restricted/190119_180231_00166437.jpg,281,156,315,214,daoju
/home/JDMAC/keras_frcnn/data/train/restricted/190119_180219_00166434.jpg,194,312,279,377,daoju
/home/JDMAC/keras_frcnn/data/train/restricted/190119_180200_00166428.jpg,347,150,422,199,tieke
/home/JDMAC/keras_frcnn/data/train/restricted/190119_180151_00166426.jpg,349,337,442,409,tieke
/home/JDMAC/keras_frcnn/data/train/restricted/190119_180033_00166407.jpg,85,545,150,597,tieke
/home/JDMAC/keras_frcnn/data/train/restricted/190119_180004_00166400.jpg,481,338,587,441,daoju
/home/JDMAC/keras_frcnn/data/train/restricted/190119_180115_00166416.jpg,873,471,917,533,tieke
/home/JDMAC/keras_frcnn/data/train/restricted/190119_175936_00166392.jpg,674,560,791,667,daoju
/home/JDMAC/keras_frcnn/data/train/restricted/190119_175908_00166385.jpg,89,471,221,547,dianchi
/home/JDMAC/keras_frcnn/data/train/restricted/190119_175834_00166376.jpg,125,308,170,393,dianchi
/home/JDMAC/keras_frcnn/data/train/restricted/190119_175805_00166370.jpg,456,465,495,513,daoju
/home/JDMAC/keras_frcnn/data/train/restricted/190119_175829_00166375.jpg,1116,577,1151,628,tieke
/home/JDMAC/keras_frcnn/data/train/restricted/190119_175656_00166349.jpg,545,626,623,674,dianchi
/home/JDMAC/keras_frcnn/data/train/restricted/190119_175630_00166342.jpg,1055,452,1085,506,tieke
/home/JDMAC/keras_frcnn/data/train/restricted/190119_175610_00166337.jpg,851,515,943,534,daoju
/home/JDMAC/keras_frcnn/data/train/restricted/190119_175549_00166332.jpg,132,438,264,504,jiandao
/home/JDMAC/keras_frcnn/data/train/restricted/190119_175533_00166328.jpg,96,311,210,379,dianchi
/home/JDMAC/keras_frcnn/data/train/restricted/190119_175453_00166318.jpg,146,554,186,616,daoju
/home/JDMAC/keras_frcnn/data/train/restricted/190119_175416_00166307.jpg,185,392,279,418,daoju
/home/JDMAC/keras_frcnn/data/train/restricted/190119_175349_00166300.jpg,383,209,457,256,dianchi
/home/JDMAC/keras_frcnn/data/train/restricted/190119_175327_00166292.jpg,68,308,231,413,daoju
/home/JDMAC/keras_frcnn/data/train/restricted/190119_175244_00166282.jpg,770,199,840,248,jiandao
/home/JDMAC/keras_frcnn/data/train/restricted/190119_175225_00166276.jpg,245,400,418,447,tieke
/home/JDMAC/keras_frcnn/data/train/restricted/190119_175204_00166272.jpg,643,320,818,396,daoju
/home/JDMAC/keras_frcnn/data/train/restricted/190119_175156_00166270.jpg,271,422,355,502,daoju
/home/JDMAC/keras_frcnn/data/train/restricted/190119_175121_00166261.jpg,848,415,895,465,tieke
/home/JDMAC/keras_frcnn/data/train/restricted/190119_175109_00166257.jpg,237,352,411,419,daoju
/home/JDMAC/keras_frcnn/data/train/restricted/190119_180753_00166525.jpg,609,407,696,442,daoju
/home/JDMAC/keras_frcnn/data/train/restricted/190119_175103_00166255.jpg,217,521,306,554,tieke
/home/JDMAC/keras_frcnn/data/train/restricted/190119_175041_00166249.jpg,550,504,709,563,tieke
/home/JDMAC/keras_frcnn/data/train/restricted/190119_175017_00166242.jpg,129,363,216,405,daoju
/home/JDMAC/keras_frcnn/data/train/restricted/190119_174938_00166232.jpg,89,591,174,634,tieke
/home/JDMAC/keras_frcnn/data/train/restricted/190119_174917_00166227.jpg,613,347,656,405,daoju
/home/JDMAC/keras_frcnn/data/train/restricted/190119_174841_00166217.jpg,289,516,372,534,tieke
/home/JDMAC/keras_frcnn/data/train/restricted/190119_174829_00166214.jpg,140,290,292,367,daoju
/home/JDMAC/keras_frcnn/data/train/restricted/190119_174748_00166203.jpg,71,199,98,249,tieke
/home/JDMAC/keras_frcnn/data/train/restricted/190119_174730_00166199.jpg,578,343,738,413,tieke
/home/JDMAC/keras_frcnn/data/train/restricted/190119_174728_00166198.jpg,225,281,296,331,tieke
/home/JDMAC/keras_frcnn/data/train/restricted/190119_174707_00166193.jpg,0,421,100,464,daoju
/home/JDMAC/keras_frcnn/data/train/restricted/190119_174643_00166185.jpg,151,154,304,196,daoju
/home/JDMAC/keras_frcnn/data/train/restricted/190119_174628_00166180.jpg,110,239,221,309,daoju
/home/JDMAC/keras_frcnn/data/train/restricted/190119_174602_00166172.jpg,264,222,306,276,daoju
/home/JDMAC/keras_frcnn/data/train/restricted/190119_174519_00166161.jpg,108,246,257,322,tieke
/home/JDMAC/keras_frcnn/data/train/restricted/190119_174435_00166149.jpg,433,280,509,382,daoju
/home/JDMAC/keras_frcnn/data/train/restricted/190119_174347_00166143.jpg,176,130,240,168,tieke
/home/JDMAC/keras_frcnn/data/train/restricted/190118_202725_00164793.jpg,107,156,219,238,tieke
/home/JDMAC/keras_frcnn/data/train/restricted/190118_202406_00164779.jpg,161,308,327,352,daoju
/home/JDMAC/keras_frcnn/data/train/restricted/190112_192409_00158159.jpg,149,85,311,171,heiding
/home/JDMAC/keras_frcnn/data/train/restricted/190112_162033_00157439.jpg,411,225,462,315,heiding
/home/JDMAC/keras_frcnn/data/train/restricted/190111_134005_00156027.jpg,241,95,296,147,daoju
/home/JDMAC/keras_frcnn/data/train/restricted/190119_174837_00166216.jpg,557,376,685,459,dianchi
/home/JDMAC/keras_frcnn/data/train/restricted/190111_132838_00155985.jpg,164,164,246,268,daoju
/home/JDMAC/keras_frcnn/data/train/restricted/190110_171351_00155358.jpg,203,113,353,160,daoju
/home/JDMAC/keras_frcnn/data/train/restricted/190110_171318_00155354.jpg,84,152,141,169,daoju
/home/JDMAC/keras_frcnn/data/train/restricted/190110_171232_00155349.jpg,177,58,227,128,daoju
/home/JDMAC/keras_frcnn/data/train/restricted/190110_171147_00155344.jpg,49,107,164,182,daoju
/home/JDMAC/keras_frcnn/data/train/restricted/190110_171145_00155343.jpg,131,87,211,147,daoju
/home/JDMAC/keras_frcnn/data/train/restricted/190110_171250_00155352.jpg,634,159,731,189,heiding
/home/JDMAC/keras_frcnn/data/train/restricted/190110_171108_00155340.jpg,91,158,174,206,daoju
/home/JDMAC/keras_frcnn/data/train/restricted/190110_171007_00155332.jpg,73,123,238,208,daoju
/home/JDMAC/keras_frcnn/data/train/restricted/190110_170953_00155331.jpg,265,211,345,288,daoju
/home/JDMAC/keras_frcnn/data/train/restricted/190110_170942_00155329.jpg,196,119,246,169,dianchi
/home/JDMAC/keras_frcnn/data/train/restricted/190110_170922_00155326.jpg,168,170,344,266,daoju
/home/JDMAC/keras_frcnn/data/train/restricted/190110_170805_00155318.jpg,676,8,822,131,daoju
/home/JDMAC/keras_frcnn/data/train/restricted/190110_170739_00155314.jpg,142,99,245,129,heiding
/home/JDMAC/keras_frcnn/data/train/restricted/190119_180532_00166488.jpg,247,179,337,225,heiding
/home/JDMAC/keras_frcnn/data/train/restricted/190122_175635_00169572.jpg,204,230,232,268,daoju
/home/JDMAC/keras_frcnn/data/train/restricted/190110_170621_00155304.jpg,202,208,244,245,daoju
/home/JDMAC/keras_frcnn/data/train/restricted/190110_170305_00155288.jpg,190,192,315,263,daoju
/home/JDMAC/keras_frcnn/data/train/restricted/190110_170714_00155310.jpg,149,136,201,160,daoju
/home/JDMAC/keras_frcnn/data/train/restricted/190122_181150_00169774.jpg,154,338,200,396,jiandao
/home/JDMAC/keras_frcnn/data/train/restricted/190110_170002_00155272.jpg,488,192,592,292,daoju
/home/JDMAC/keras_frcnn/data/train/restricted/190110_170221_00155283.jpg,326,122,386,148,heiding
/home/JDMAC/keras_frcnn/data/train/restricted/190122_175858_00169606.jpg,138,168,191,182,daoju
/home/JDMAC/keras_frcnn/data/train/restricted/190110_171101_00155338.jpg,285,78,433,108,daoju
/home/JDMAC/keras_frcnn/data/train/restricted/190110_170149_00155279.jpg,322,141,412,205,daoju
/home/JDMAC/keras_frcnn/data/train/restricted/190110_165523_00155245.jpg,589,90,758,192,daoju
/home/JDMAC/keras_frcnn/data/train/restricted/190110_165148_00155223.jpg,421,120,474,213,daoju
/home/JDMAC/keras_frcnn/data/train/restricted/190109_183928_00154287.jpg,313,160,487,241,daoju
/home/JDMAC/keras_frcnn/data/train/restricted/190110_170115_00155277.jpg,155,98,224,154,daoju
/home/JDMAC/keras_frcnn/data/train/restricted/190122_180142_00169644.jpg,437,344,592,371,daoju
/home/JDMAC/keras_frcnn/data/train/restricted/190109_183241_00154263.jpg,72,168,137,260,daoju
/home/JDMAC/keras_frcnn/data/train/restricted/190110_165245_00155230.jpg,259,163,295,189,dianchi
/home/JDMAC/keras_frcnn/data/train/restricted/190109_183046_00154256.jpg,215,88,285,177,daoju
/home/JDMAC/keras_frcnn/data/train/restricted/190109_182940_00154251.jpg,495,139,583,171,heiding
/home/JDMAC/keras_frcnn/data/train/restricted/190109_183147_00154261.jpg,160,119,325,198,daoju
/home/JDMAC/keras_frcnn/data/train/restricted/190109_182934_00154249.jpg,200,111,322,183,dianchi
/home/JDMAC/keras_frcnn/data/train/restricted/190109_182535_00154233.jpg,160,102,331,183,jiandao
/home/JDMAC/keras_frcnn/data/train/restricted/190109_182830_00154246.jpg,224,164,309,226,daoju
/home/JDMAC/keras_frcnn/data/train/restricted/190109_182218_00154224.jpg,87,59,241,141,daoju
/home/JDMAC/keras_frcnn/data/train/restricted/190109_182226_00154226.jpg,54,179,148,269,dianchi
/home/JDMAC/keras_frcnn/data/train/restricted/190109_182610_00154235.jpg,59,63,70,108,daoju
/home/JDMAC/keras_frcnn/data/train/restricted/190110_165212_00155227.jpg,414,106,577,210,dianchi
/home/JDMAC/keras_frcnn/data/train/restricted/190109_183653_00154277.jpg,298,137,355,167,daoju
/home/JDMAC/keras_frcnn/data/train/restricted/190109_182342_00154229.jpg,88,266,120,326,tieke
/home/JDMAC/keras_frcnn/data/train/restricted/190109_182654_00154240.jpg,129,133,187,155,dianchi
/home/JDMAC/keras_frcnn/data/train/restricted/190109_182118_00154221.jpg,211,145,258,164,heiding
/home/JDMAC/keras_frcnn/data/train/restricted/190109_182159_00154223.jpg,260,147,303,240,jiandao
/home/JDMAC/keras_frcnn/data/train/restricted/190109_181711_00154208.jpg,208,70,287,180,jiandao
/home/JDMAC/keras_frcnn/data/train/restricted/190109_181419_00154200.jpg,138,53,298,116,dianchi
/home/JDMAC/keras_frcnn/data/train/restricted/190109_181616_00154204.jpg,99,256,199,305,jiandao
/home/JDMAC/keras_frcnn/data/train/restricted/190109_180853_00154178.jpg,168,87,249,180,heiding
/home/JDMAC/keras_frcnn/data/train/restricted/190109_181836_00154213.jpg,373,143,444,197,dianchi
/home/JDMAC/keras_frcnn/data/train/restricted/190109_180635_00154171.jpg,226,47,309,140,dianchi
/home/JDMAC/keras_frcnn/data/train/restricted/190109_180437_00154165.jpg,321,90,354,191,jiandao
/home/JDMAC/keras_frcnn/data/train/restricted/190109_180958_00154183.jpg,148,67,210,101,dianchi
/home/JDMAC/keras_frcnn/data/train/restricted/190109_180346_00154163.jpg,134,107,293,156,jiandao
/home/JDMAC/keras_frcnn/data/train/restricted/190109_180343_00154162.jpg,167,107,235,194,daoju
/home/JDMAC/keras_frcnn/data/train/restricted/190110_164917_00155214.jpg,117,655,278,680,jiandao
/home/JDMAC/keras_frcnn/data/train/restricted/190109_180655_00154173.jpg,151,91,229,182,jiandao
/home/JDMAC/keras_frcnn/data/train/restricted/190109_180542_00154168.jpg,87,116,186,162,dianchi
